[{"model": "admin.logentry", "pk": 1, "fields": {"action_time": "2025-04-14T19:22:46.292Z", "user": 1, "content_type": 3, "object_id": "2", "object_repr": "Manager", "action_flag": 1, "change_message": "[{\"added\": {}}]"}}, {"model": "admin.logentry", "pk": 2, "fields": {"action_time": "2025-04-14T19:23:15.037Z", "user": 1, "content_type": 3, "object_id": "3", "object_repr": "Admin", "action_flag": 1, "change_message": "[{\"added\": {}}]"}}, {"model": "admin.logentry", "pk": 3, "fields": {"action_time": "2025-04-14T19:33:59.554Z", "user": 1, "content_type": 4, "object_id": "12", "object_repr": "honiro2649@dpcos.com", "action_flag": 2, "change_message": "[{\"changed\": {\"fields\": [\"Groups\"]}}]"}}, {"model": "admin.logentry", "pk": 4, "fields": {"action_time": "2025-04-14T19:35:56.342Z", "user": 1, "content_type": 4, "object_id": "12", "object_repr": "honiro2649@dpcos.com", "action_flag": 2, "change_message": "[{\"changed\": {\"fields\": [\"Groups\"]}}]"}}, {"model": "admin.logentry", "pk": 5, "fields": {"action_time": "2025-04-14T21:07:23.123Z", "user": 1, "content_type": 3, "object_id": "3", "object_repr": "Admin", "action_flag": 2, "change_message": "[]"}}, {"model": "admin.logentry", "pk": 6, "fields": {"action_time": "2025-04-14T21:07:32.997Z", "user": 1, "content_type": 3, "object_id": "1", "object_repr": "User", "action_flag": 2, "change_message": "[]"}}, {"model": "admin.logentry", "pk": 7, "fields": {"action_time": "2025-04-14T21:09:02.583Z", "user": 1, "content_type": 4, "object_id": "1", "object_repr": "admin", "action_flag": 2, "change_message": "[{\"changed\": {\"fields\": [\"Groups\"]}}]"}}, {"model": "admin.logentry", "pk": 8, "fields": {"action_time": "2025-04-14T21:10:02.925Z", "user": 1, "content_type": 4, "object_id": "1", "object_repr": "admin", "action_flag": 2, "change_message": "[]"}}, {"model": "admin.logentry", "pk": 9, "fields": {"action_time": "2025-04-14T22:47:21.890Z", "user": 1, "content_type": 9, "object_id": "8", "object_repr": "Race line heart cover.", "action_flag": 2, "change_message": "[{\"changed\": {\"fields\": [\"Assigned to\", \"Description\", \"Due date\"]}}]"}}, {"model": "admin.logentry", "pk": 10, "fields": {"action_time": "2025-04-14T22:48:11.108Z", "user": 1, "content_type": 9, "object_id": "8", "object_repr": "Race line heart cover.", "action_flag": 2, "change_message": "[{\"changed\": {\"fields\": [\"Due date\"]}}]"}}, {"model": "admin.logentry", "pk": 11, "fields": {"action_time": "2025-04-14T22:52:27.423Z", "user": 1, "content_type": 9, "object_id": "18", "object_repr": "Suddenly course list field church life also.", "action_flag": 2, "change_message": "[{\"changed\": {\"fields\": [\"Assigned to\", \"Description\"]}}]"}}, {"model": "admin.logentry", "pk": 12, "fields": {"action_time": "2025-04-14T22:52:39.741Z", "user": 1, "content_type": 9, "object_id": "13", "object_repr": "Consumer on rule resource not should ago civil.", "action_flag": 2, "change_message": "[{\"changed\": {\"fields\": [\"Assigned to\", \"Description\"]}}]"}}, {"model": "admin.logentry", "pk": 13, "fields": {"action_time": "2025-04-14T22:52:51.695Z", "user": 1, "content_type": 9, "object_id": "6", "object_repr": "Both senior inside doctor determine method politics.", "action_flag": 2, "change_message": "[{\"changed\": {\"fields\": [\"Assigned to\", \"Description\"]}}]"}}, {"model": "admin.logentry", "pk": 14, "fields": {"action_time": "2025-04-14T22:53:06.013Z", "user": 1, "content_type": 9, "object_id": "20", "object_repr": "Second city director sit draw pay southern exist.", "action_flag": 2, "change_message": "[{\"changed\": {\"fields\": [\"Description\", \"Due date\"]}}]"}}, {"model": "admin.logentry", "pk": 15, "fields": {"action_time": "2025-04-14T22:53:24.505Z", "user": 1, "content_type": 9, "object_id": "2", "object_repr": "White pass suffer message budget yeah.", "action_flag": 2, "change_message": "[{\"changed\": {\"fields\": [\"Assigned to\", \"Due date\"]}}]"}}, {"model": "admin.logentry", "pk": 16, "fields": {"action_time": "2025-04-14T22:53:33.445Z", "user": 1, "content_type": 9, "object_id": "2", "object_repr": "White pass suffer message budget yeah.", "action_flag": 2, "change_message": "[]"}}, {"model": "admin.logentry", "pk": 17, "fields": {"action_time": "2025-04-17T08:08:36.568Z", "user": 1, "content_type": 4, "object_id": "1", "object_repr": "admin", "action_flag": 2, "change_message": "[{\"changed\": {\"fields\": [\"First name\", \"Last name\"]}}]"}}, {"model": "admin.logentry", "pk": 18, "fields": {"action_time": "2025-04-18T08:07:39.116Z", "user": 1, "content_type": 9, "object_id": "21", "object_repr": "User wala Task", "action_flag": 2, "change_message": "[{\"changed\": {\"fields\": [\"Assigned to\"]}}]"}}, {"model": "admin.logentry", "pk": 19, "fields": {"action_time": "2025-04-18T08:42:31.989Z", "user": 1, "content_type": 4, "object_id": "15", "object_repr": "mr.x", "action_flag": 2, "change_message": "[{\"changed\": {\"fields\": [\"Groups\"]}}]"}}, {"model": "admin.logentry", "pk": 20, "fields": {"action_time": "2025-04-18T10:50:12.121Z", "user": 1, "content_type": 4, "object_id": "15", "object_repr": "mr.x", "action_flag": 2, "change_message": "[{\"changed\": {\"fields\": [\"Groups\"]}}]"}}, {"model": "admin.logentry", "pk": 21, "fields": {"action_time": "2025-04-18T10:51:00.500Z", "user": 1, "content_type": 13, "object_id": "2", "object_repr": "mr.x → User", "action_flag": 1, "change_message": "[{\"added\": {}}]"}}, {"model": "admin.logentry", "pk": 22, "fields": {"action_time": "2025-04-18T10:58:23.795Z", "user": 1, "content_type": 4, "object_id": "16", "object_repr": "neam", "action_flag": 1, "change_message": "[{\"added\": {}}]"}}, {"model": "admin.logentry", "pk": 23, "fields": {"action_time": "2025-04-18T12:18:44.876Z", "user": 1, "content_type": 4, "object_id": "15", "object_repr": "mr.x", "action_flag": 2, "change_message": "[{\"changed\": {\"fields\": [\"Groups\"]}}]"}}, {"model": "admin.logentry", "pk": 24, "fields": {"action_time": "2025-04-18T12:19:08.119Z", "user": 1, "content_type": 4, "object_id": "15", "object_repr": "mr.x", "action_flag": 2, "change_message": "[{\"changed\": {\"fields\": [\"Groups\"]}}]"}}, {"model": "admin.logentry", "pk": 25, "fields": {"action_time": "2025-04-18T12:19:15.859Z", "user": 1, "content_type": 13, "object_id": "2", "object_repr": "mr.x → Manager", "action_flag": 2, "change_message": "[{\"changed\": {\"fields\": [\"Role\"]}}]"}}, {"model": "admin.logentry", "pk": 26, "fields": {"action_time": "2025-04-21T07:23:31.382Z", "user": 1, "content_type": 12, "object_id": "2", "object_repr": "Manager", "action_flag": 2, "change_message": "[{\"changed\": {\"fields\": [\"Permissions\"]}}]"}}, {"model": "admin.logentry", "pk": 27, "fields": {"action_time": "2025-04-21T07:23:40.636Z", "user": 1, "content_type": 12, "object_id": "3", "object_repr": "User", "action_flag": 2, "change_message": "[]"}}, {"model": "admin.logentry", "pk": 28, "fields": {"action_time": "2025-04-29T09:52:24.136Z", "user": 1, "content_type": 4, "object_id": "18", "object_repr": "neamul.csebu", "action_flag": 3, "change_message": ""}}, {"model": "admin.logentry", "pk": 29, "fields": {"action_time": "2025-05-05T11:33:34.485Z", "user": 1, "content_type": 9, "object_id": "35", "object_repr": "Learn C++", "action_flag": 1, "change_message": "[{\"added\": {}}]"}}, {"model": "admin.logentry", "pk": 30, "fields": {"action_time": "2025-05-05T12:49:47.388Z", "user": 1, "content_type": 13, "object_id": "22", "object_repr": "yilix47236 → Admin", "action_flag": 2, "change_message": "[{\"changed\": {\"fields\": [\"Role\"]}}]"}}, {"model": "admin.logentry", "pk": 31, "fields": {"action_time": "2025-05-06T13:31:17.780Z", "user": 1, "content_type": 17, "object_id": "4", "object_repr": "migogit778", "action_flag": 3, "change_message": ""}}, {"model": "admin.logentry", "pk": 32, "fields": {"action_time": "2025-05-07T12:08:52.338Z", "user": 1, "content_type": 9, "object_id": "36", "object_repr": "Users Task feso", "action_flag": 1, "change_message": "[{\"added\": {}}]"}}, {"model": "admin.logentry", "pk": 33, "fields": {"action_time": "2025-05-07T12:24:02.488Z", "user": 1, "content_type": 9, "object_id": "36", "object_repr": "Users Task feso", "action_flag": 2, "change_message": "[{\"changed\": {\"fields\": [\"Status\"]}}]"}}, {"model": "admin.logentry", "pk": 34, "fields": {"action_time": "2025-05-07T12:53:06.209Z", "user": 1, "content_type": 13, "object_id": "25", "object_repr": "fesej89212 → Admin", "action_flag": 2, "change_message": "[{\"changed\": {\"fields\": [\"Role\"]}}]"}}, {"model": "admin.logentry", "pk": 35, "fields": {"action_time": "2025-05-07T13:12:36.474Z", "user": 1, "content_type": 13, "object_id": "26", "object_repr": "jebofag543 → Manager", "action_flag": 2, "change_message": "[{\"changed\": {\"fields\": [\"Role\"]}}]"}}, {"model": "admin.logentry", "pk": 36, "fields": {"action_time": "2025-05-07T13:18:49.905Z", "user": 1, "content_type": 9, "object_id": "37", "object_repr": "Stop Controlling EVERY Form In React, Use FormData", "action_flag": 1, "change_message": "[{\"added\": {}}]"}}, {"model": "admin.logentry", "pk": 37, "fields": {"action_time": "2025-05-07T13:19:29.010Z", "user": 1, "content_type": 9, "object_id": "38", "object_repr": "Stop Controlling EVERY Form In React, Use FormData", "action_flag": 1, "change_message": "[{\"added\": {}}]"}}, {"model": "admin.logentry", "pk": 38, "fields": {"action_time": "2025-05-07T13:20:10.411Z", "user": 1, "content_type": 9, "object_id": "38", "object_repr": "Stop Controlling EVERY Form In React, Use FormData", "action_flag": 2, "change_message": "[{\"changed\": {\"fields\": [\"Project\"]}}]"}}, {"model": "admin.logentry", "pk": 39, "fields": {"action_time": "2025-05-07T13:20:39.869Z", "user": 1, "content_type": 9, "object_id": "38", "object_repr": "Stop Controlling EVERY Form In React, Use FormData", "action_flag": 3, "change_message": ""}}, {"model": "admin.logentry", "pk": 40, "fields": {"action_time": "2025-05-07T13:21:07.117Z", "user": 1, "content_type": 9, "object_id": "39", "object_repr": "Learn C++", "action_flag": 1, "change_message": "[{\"added\": {}}]"}}, {"model": "admin.logentry", "pk": 41, "fields": {"action_time": "2025-05-19T06:46:00.897Z", "user": 1, "content_type": 9, "object_id": "37", "object_repr": "Stop Controlling EVERY Form In React, Use FormData", "action_flag": 2, "change_message": "[{\"changed\": {\"fields\": [\"Assigned to\"]}}]"}}, {"model": "admin.logentry", "pk": 42, "fields": {"action_time": "2025-05-19T06:51:11.042Z", "user": 1, "content_type": 9, "object_id": "37", "object_repr": "Stop Controlling EVERY Form In React, Use FormData", "action_flag": 2, "change_message": "[{\"changed\": {\"fields\": [\"Due date\"]}}]"}}, {"model": "admin.logentry", "pk": 43, "fields": {"action_time": "2025-05-19T06:58:57.621Z", "user": 1, "content_type": 9, "object_id": "42", "object_repr": "Urgent task lead by tatoni user-profile impement", "action_flag": 1, "change_message": "[{\"added\": {}}]"}}, {"model": "admin.logentry", "pk": 44, "fields": {"action_time": "2025-05-19T09:40:59.654Z", "user": 1, "content_type": 4, "object_id": "16", "object_repr": "neam", "action_flag": 3, "change_message": ""}}, {"model": "auth.permission", "pk": 1, "fields": {"name": "Can add log entry", "content_type": 1, "codename": "add_logentry"}}, {"model": "auth.permission", "pk": 2, "fields": {"name": "Can change log entry", "content_type": 1, "codename": "change_logentry"}}, {"model": "auth.permission", "pk": 3, "fields": {"name": "Can delete log entry", "content_type": 1, "codename": "delete_logentry"}}, {"model": "auth.permission", "pk": 4, "fields": {"name": "Can view log entry", "content_type": 1, "codename": "view_logentry"}}, {"model": "auth.permission", "pk": 5, "fields": {"name": "Can add permission", "content_type": 2, "codename": "add_permission"}}, {"model": "auth.permission", "pk": 6, "fields": {"name": "Can change permission", "content_type": 2, "codename": "change_permission"}}, {"model": "auth.permission", "pk": 7, "fields": {"name": "Can delete permission", "content_type": 2, "codename": "delete_permission"}}, {"model": "auth.permission", "pk": 8, "fields": {"name": "Can view permission", "content_type": 2, "codename": "view_permission"}}, {"model": "auth.permission", "pk": 9, "fields": {"name": "Can add group", "content_type": 3, "codename": "add_group"}}, {"model": "auth.permission", "pk": 10, "fields": {"name": "Can change group", "content_type": 3, "codename": "change_group"}}, {"model": "auth.permission", "pk": 11, "fields": {"name": "Can delete group", "content_type": 3, "codename": "delete_group"}}, {"model": "auth.permission", "pk": 12, "fields": {"name": "Can view group", "content_type": 3, "codename": "view_group"}}, {"model": "auth.permission", "pk": 13, "fields": {"name": "Can add user", "content_type": 4, "codename": "add_user"}}, {"model": "auth.permission", "pk": 14, "fields": {"name": "Can change user", "content_type": 4, "codename": "change_user"}}, {"model": "auth.permission", "pk": 15, "fields": {"name": "Can delete user", "content_type": 4, "codename": "delete_user"}}, {"model": "auth.permission", "pk": 16, "fields": {"name": "Can view user", "content_type": 4, "codename": "view_user"}}, {"model": "auth.permission", "pk": 17, "fields": {"name": "Can add content type", "content_type": 5, "codename": "add_contenttype"}}, {"model": "auth.permission", "pk": 18, "fields": {"name": "Can change content type", "content_type": 5, "codename": "change_contenttype"}}, {"model": "auth.permission", "pk": 19, "fields": {"name": "Can delete content type", "content_type": 5, "codename": "delete_contenttype"}}, {"model": "auth.permission", "pk": 20, "fields": {"name": "Can view content type", "content_type": 5, "codename": "view_contenttype"}}, {"model": "auth.permission", "pk": 21, "fields": {"name": "Can add session", "content_type": 6, "codename": "add_session"}}, {"model": "auth.permission", "pk": 22, "fields": {"name": "Can change session", "content_type": 6, "codename": "change_session"}}, {"model": "auth.permission", "pk": 23, "fields": {"name": "Can delete session", "content_type": 6, "codename": "delete_session"}}, {"model": "auth.permission", "pk": 24, "fields": {"name": "Can view session", "content_type": 6, "codename": "view_session"}}, {"model": "auth.permission", "pk": 25, "fields": {"name": "Can add employee", "content_type": 7, "codename": "add_employee"}}, {"model": "auth.permission", "pk": 26, "fields": {"name": "Can change employee", "content_type": 7, "codename": "change_employee"}}, {"model": "auth.permission", "pk": 27, "fields": {"name": "Can delete employee", "content_type": 7, "codename": "delete_employee"}}, {"model": "auth.permission", "pk": 28, "fields": {"name": "Can view employee", "content_type": 7, "codename": "view_employee"}}, {"model": "auth.permission", "pk": 29, "fields": {"name": "Can add project", "content_type": 8, "codename": "add_project"}}, {"model": "auth.permission", "pk": 30, "fields": {"name": "Can change project", "content_type": 8, "codename": "change_project"}}, {"model": "auth.permission", "pk": 31, "fields": {"name": "Can delete project", "content_type": 8, "codename": "delete_project"}}, {"model": "auth.permission", "pk": 32, "fields": {"name": "Can view project", "content_type": 8, "codename": "view_project"}}, {"model": "auth.permission", "pk": 33, "fields": {"name": "Can add task", "content_type": 9, "codename": "add_task"}}, {"model": "auth.permission", "pk": 34, "fields": {"name": "Can change task", "content_type": 9, "codename": "change_task"}}, {"model": "auth.permission", "pk": 35, "fields": {"name": "Can delete task", "content_type": 9, "codename": "delete_task"}}, {"model": "auth.permission", "pk": 36, "fields": {"name": "Can view task", "content_type": 9, "codename": "view_task"}}, {"model": "auth.permission", "pk": 37, "fields": {"name": "Can add task detail", "content_type": 10, "codename": "add_taskdetail"}}, {"model": "auth.permission", "pk": 38, "fields": {"name": "Can change task detail", "content_type": 10, "codename": "change_taskdetail"}}, {"model": "auth.permission", "pk": 39, "fields": {"name": "Can delete task detail", "content_type": 10, "codename": "delete_taskdetail"}}, {"model": "auth.permission", "pk": 40, "fields": {"name": "Can view task detail", "content_type": 10, "codename": "view_taskdetail"}}, {"model": "auth.permission", "pk": 41, "fields": {"name": "Can add permission", "content_type": 11, "codename": "add_permission"}}, {"model": "auth.permission", "pk": 42, "fields": {"name": "Can change permission", "content_type": 11, "codename": "change_permission"}}, {"model": "auth.permission", "pk": 43, "fields": {"name": "Can delete permission", "content_type": 11, "codename": "delete_permission"}}, {"model": "auth.permission", "pk": 44, "fields": {"name": "Can view permission", "content_type": 11, "codename": "view_permission"}}, {"model": "auth.permission", "pk": 45, "fields": {"name": "Can add role", "content_type": 12, "codename": "add_role"}}, {"model": "auth.permission", "pk": 46, "fields": {"name": "Can change role", "content_type": 12, "codename": "change_role"}}, {"model": "auth.permission", "pk": 47, "fields": {"name": "Can delete role", "content_type": 12, "codename": "delete_role"}}, {"model": "auth.permission", "pk": 48, "fields": {"name": "Can view role", "content_type": 12, "codename": "view_role"}}, {"model": "auth.permission", "pk": 49, "fields": {"name": "Can add user role", "content_type": 13, "codename": "add_userrole"}}, {"model": "auth.permission", "pk": 50, "fields": {"name": "Can change user role", "content_type": 13, "codename": "change_userrole"}}, {"model": "auth.permission", "pk": 51, "fields": {"name": "Can delete user role", "content_type": 13, "codename": "delete_userrole"}}, {"model": "auth.permission", "pk": 52, "fields": {"name": "Can view user role", "content_type": 13, "codename": "view_userrole"}}, {"model": "auth.permission", "pk": 53, "fields": {"name": "Can add association", "content_type": 14, "codename": "add_association"}}, {"model": "auth.permission", "pk": 54, "fields": {"name": "Can change association", "content_type": 14, "codename": "change_association"}}, {"model": "auth.permission", "pk": 55, "fields": {"name": "Can delete association", "content_type": 14, "codename": "delete_association"}}, {"model": "auth.permission", "pk": 56, "fields": {"name": "Can view association", "content_type": 14, "codename": "view_association"}}, {"model": "auth.permission", "pk": 57, "fields": {"name": "Can add code", "content_type": 15, "codename": "add_code"}}, {"model": "auth.permission", "pk": 58, "fields": {"name": "Can change code", "content_type": 15, "codename": "change_code"}}, {"model": "auth.permission", "pk": 59, "fields": {"name": "Can delete code", "content_type": 15, "codename": "delete_code"}}, {"model": "auth.permission", "pk": 60, "fields": {"name": "Can view code", "content_type": 15, "codename": "view_code"}}, {"model": "auth.permission", "pk": 61, "fields": {"name": "Can add nonce", "content_type": 16, "codename": "add_nonce"}}, {"model": "auth.permission", "pk": 62, "fields": {"name": "Can change nonce", "content_type": 16, "codename": "change_nonce"}}, {"model": "auth.permission", "pk": 63, "fields": {"name": "Can delete nonce", "content_type": 16, "codename": "delete_nonce"}}, {"model": "auth.permission", "pk": 64, "fields": {"name": "Can view nonce", "content_type": 16, "codename": "view_nonce"}}, {"model": "auth.permission", "pk": 65, "fields": {"name": "Can add user social auth", "content_type": 17, "codename": "add_usersocialauth"}}, {"model": "auth.permission", "pk": 66, "fields": {"name": "Can change user social auth", "content_type": 17, "codename": "change_usersocialauth"}}, {"model": "auth.permission", "pk": 67, "fields": {"name": "Can delete user social auth", "content_type": 17, "codename": "delete_usersocialauth"}}, {"model": "auth.permission", "pk": 68, "fields": {"name": "Can view user social auth", "content_type": 17, "codename": "view_usersocialauth"}}, {"model": "auth.permission", "pk": 69, "fields": {"name": "Can add partial", "content_type": 18, "codename": "add_partial"}}, {"model": "auth.permission", "pk": 70, "fields": {"name": "Can change partial", "content_type": 18, "codename": "change_partial"}}, {"model": "auth.permission", "pk": 71, "fields": {"name": "Can delete partial", "content_type": 18, "codename": "delete_partial"}}, {"model": "auth.permission", "pk": 72, "fields": {"name": "Can view partial", "content_type": 18, "codename": "view_partial"}}, {"model": "auth.permission", "pk": 73, "fields": {"name": "Can add user profile", "content_type": 19, "codename": "add_userprofile"}}, {"model": "auth.permission", "pk": 74, "fields": {"name": "Can change user profile", "content_type": 19, "codename": "change_userprofile"}}, {"model": "auth.permission", "pk": 75, "fields": {"name": "Can delete user profile", "content_type": 19, "codename": "delete_userprofile"}}, {"model": "auth.permission", "pk": 76, "fields": {"name": "Can view user profile", "content_type": 19, "codename": "view_userprofile"}}, {"model": "auth.group", "pk": 1, "fields": {"name": "User", "permissions": []}}, {"model": "auth.group", "pk": 2, "fields": {"name": "Manager", "permissions": [29, 30, 31, 32, 33, 34, 35, 36, 37, 38, 39, 40]}}, {"model": "auth.group", "pk": 3, "fields": {"name": "Admin", "permissions": [1, 2, 3, 4, 9, 10, 11, 12, 5, 6, 7, 8, 13, 14, 15, 16, 17, 18, 19, 20, 21, 22, 23, 24, 25, 26, 27, 28, 29, 30, 31, 32, 33, 34, 35, 36, 37, 38, 39, 40]}}, {"model": "auth.group", "pk": 4, "fields": {"name": "Team-lead", "permissions": [36, 37]}}, {"model": "auth.user", "pk": 1, "fields": {"password": "pbkdf2_sha256$870000$9qhqA52bxe48ouXGAinZyS$SwQle2gotCUBQrW9SyZUMsCBMfX4zpGQdg6H7rPqcXk=", "last_login": "2025-05-19T06:39:01.888Z", "is_superuser": true, "username": "admin", "first_name": "Admin", "last_name": "Admin", "email": "admin@gmail.com", "is_staff": true, "is_active": true, "date_joined": "2025-04-11T13:44:57Z", "groups": [3], "user_permissions": []}}, {"model": "auth.user", "pk": 2, "fields": {"password": "pbkdf2_sha256$870000$M9V4j6Sjpp8va1TOfGbFgy$QUmSYHVvr5RTaKN6PdT+BwFDi4da12BLYClorX0isTI=", "last_login": null, "is_superuser": false, "username": "katherinesharp", "first_name": "Jacob", "last_name": "Ford", "email": "donnagates@example.com", "is_staff": false, "is_active": true, "date_joined": "2025-04-14T18:25:09.197Z", "groups": [1], "user_permissions": []}}, {"model": "auth.user", "pk": 3, "fields": {"password": "pbkdf2_sha256$870000$Nj4RfJ1ZbAwEcwBTzW6lMq$bWV1gSMvmU59y/cl8bGKXuoOA7KUU2AURQkqBK0FtEs=", "last_login": null, "is_superuser": false, "username": "sarahines", "first_name": "Ashley", "last_name": "Mccoy", "email": "erik61@example.net", "is_staff": false, "is_active": true, "date_joined": "2025-04-14T18:25:15.049Z", "groups": [2], "user_permissions": []}}, {"model": "auth.user", "pk": 4, "fields": {"password": "pbkdf2_sha256$870000$DStzjDKe8efyp1YJk7BSZQ$Qa1YI4BQmUErsCpGIVLBdCdl1Y9aP/oNYNDZno/ZZ3w=", "last_login": null, "is_superuser": false, "username": "shawjessica", "first_name": "Victor", "last_name": "Anderson", "email": "jgreer@example.org", "is_staff": false, "is_active": true, "date_joined": "2025-04-14T18:25:19.995Z", "groups": [1], "user_permissions": []}}, {"model": "auth.user", "pk": 5, "fields": {"password": "pbkdf2_sha256$870000$JVtQmvbssAEOn08LeJMHSj$1KKkem4zj1mP2BzluXALCtQRQaByHKSS42JccqXlX4Q=", "last_login": null, "is_superuser": false, "username": "kristen21", "first_name": "Jeffrey", "last_name": "Beltran", "email": "shawnrichards@example.com", "is_staff": false, "is_active": true, "date_joined": "2025-04-14T18:25:25.046Z", "groups": [1], "user_permissions": []}}, {"model": "auth.user", "pk": 6, "fields": {"password": "pbkdf2_sha256$870000$sEoBVZwToiaxNx5P8I9goA$ZP0i0ox15LtnrwElG/y0HtlPJFASb6TovcWeDADpN/4=", "last_login": null, "is_superuser": false, "username": "vblair", "first_name": "Jon", "last_name": "Perry", "email": "ievans@example.org", "is_staff": false, "is_active": true, "date_joined": "2025-04-14T18:25:31.374Z", "groups": [1], "user_permissions": []}}, {"model": "auth.user", "pk": 7, "fields": {"password": "pbkdf2_sha256$870000$wUIWkGtvCEfHjtbaNBzGDd$jb7MoMp0V87uY6P3w5sEoHiiQBJOBqCOxjrWJSqgUl4=", "last_login": null, "is_superuser": false, "username": "michaellarsen", "first_name": "Samuel", "last_name": "Hall", "email": "kimberlyevans@example.com", "is_staff": false, "is_active": true, "date_joined": "2025-04-14T18:25:36.142Z", "groups": [1], "user_permissions": []}}, {"model": "auth.user", "pk": 8, "fields": {"password": "pbkdf2_sha256$870000$hgzYvnVvhrHnlaTLcHpaoA$BPICZ8/CDo9dKsUvVIT2Rro5AIeiZmcKzaUsJlWDc5g=", "last_login": null, "is_superuser": false, "username": "qharper", "first_name": "Melanie", "last_name": "Owen", "email": "jackspears@example.net", "is_staff": false, "is_active": true, "date_joined": "2025-04-14T18:25:41.311Z", "groups": [1], "user_permissions": []}}, {"model": "auth.user", "pk": 9, "fields": {"password": "pbkdf2_sha256$870000$VcP25zxbtafAWUEpOOsr5J$2aSOaJ2CVL4IxTsKdZJKKR8NL6f/9EA+t83oPf7i/Qc=", "last_login": null, "is_superuser": false, "username": "kathryn75", "first_name": "Justin", "last_name": "Gutierrez", "email": "cgalvan@example.com", "is_staff": false, "is_active": true, "date_joined": "2025-04-14T18:25:47.153Z", "groups": [1], "user_permissions": []}}, {"model": "auth.user", "pk": 10, "fields": {"password": "pbkdf2_sha256$870000$MsFopWYyodZolZC5gLNDvU$Z9AV1Ghd6hQKJFMHGNLm+9wBCq6pgInAFqC94KrtxSM=", "last_login": null, "is_superuser": false, "username": "tammy26", "first_name": "Miguel", "last_name": "Villanueva", "email": "jesse91@example.net", "is_staff": false, "is_active": true, "date_joined": "2025-04-14T18:25:52.869Z", "groups": [1], "user_permissions": []}}, {"model": "auth.user", "pk": 11, "fields": {"password": "pbkdf2_sha256$870000$OfjnR2BsafLPeBxTfCVmiu$NbEk+CmKxJzI7s1O7o+EAQ8M5tWy6LcZPKlS8AescWI=", "last_login": null, "is_superuser": false, "username": "alicecampbell", "first_name": "Barbara", "last_name": "Butler", "email": "smithnathan@example.com", "is_staff": false, "is_active": true, "date_joined": "2025-04-14T18:25:57.770Z", "groups": [1], "user_permissions": []}}, {"model": "auth.user", "pk": 12, "fields": {"password": "pbkdf2_sha256$870000$zm17WcLoeAX2yCZBN69kuN$oxzsArGaoUwbVwWR61KG8YaIf7TBT3tNxrPxDDJYIfM=", "last_login": "2025-04-16T10:15:02.345Z", "is_superuser": false, "username": "honiro2649@dpcos.com", "first_name": "honir", "last_name": "dfsg", "email": "honiro2649@dpcos.com", "is_staff": false, "is_active": true, "date_joined": "2025-04-14T19:31:21Z", "groups": [2], "user_permissions": []}}, {"model": "auth.user", "pk": 13, "fields": {"password": "pbkdf2_sha256$870000$atUd59tkrCpk3CEsfnU7dz$EOp4coq6Q15yU401/cO3NzICnFTKDQhzlmGYG1P3mVg=", "last_login": "2025-04-14T23:07:15.230Z", "is_superuser": false, "username": "jacg38645c@tidissajiiu.com", "first_name": "Neamul", "last_name": "Haq", "email": "jacg38645c@tidissajiiu.com", "is_staff": false, "is_active": true, "date_joined": "2025-04-14T22:25:16.462Z", "groups": [1], "user_permissions": []}}, {"model": "auth.user", "pk": 14, "fields": {"password": "pbkdf2_sha256$870000$V87sYziMT2fTYjVbgiS3BO$e6fs84EQyNyjuCLKr/oCDfzznWJqBibtDo93QkIYkAA=", "last_login": "2025-04-15T05:42:29.523Z", "is_superuser": false, "username": "peban62722@mobilesm.com", "first_name": "peban62722@mobilesm.com", "last_name": "peban62722@mobilesm.com", "email": "peban62722@mobilesm.com", "is_staff": false, "is_active": true, "date_joined": "2025-04-15T05:40:49.719Z", "groups": [1], "user_permissions": []}}, {"model": "auth.user", "pk": 15, "fields": {"password": "pbkdf2_sha256$870000$nKgedf2s4q9sqiFdpA5hFF$9qPZk8trMcPNhZZ0jXUfQLx6F/rQtosKo9QQPrzBzYs=", "last_login": "2025-04-29T08:45:38.605Z", "is_superuser": false, "username": "mr.x", "first_name": "Mr", "last_name": "X", "email": "naxigih499@cxnlab.com", "is_staff": false, "is_active": true, "date_joined": "2025-04-17T12:27:51Z", "groups": [1], "user_permissions": []}}, {"model": "auth.user", "pk": 17, "fields": {"password": "pbkdf2_sha256$870000$ZJ0uC7VFLq3Bz7TQzFBCc9$gQMwye0VQkPsTZjIt9hl7VlCbRi7756nHMyqPlW0BSM=", "last_login": "2025-04-22T12:09:35.063Z", "is_superuser": false, "username": "mr.y", "first_name": "mr y", "last_name": "y", "email": "hanes50879@cxnlab.com", "is_staff": false, "is_active": true, "date_joined": "2025-04-18T12:28:53.483Z", "groups": [1], "user_permissions": []}}, {"model": "auth.user", "pk": 19, "fields": {"password": "pbkdf2_sha256$870000$7hUM1bzacbcYnwrnChcyP1$wIVnWcm0LdjMRfyTHHJGXHAMJ+zcnznyx8mBK8FbC/c=", "last_login": "2025-04-29T09:36:13.607Z", "is_superuser": false, "username": "ponoso", "first_name": "ponoso", "last_name": "144", "email": "ponoso1048@astimei.com", "is_staff": false, "is_active": true, "date_joined": "2025-04-29T09:35:19.989Z", "groups": [1], "user_permissions": []}}, {"model": "auth.user", "pk": 20, "fields": {"password": "!JBI05LUcKWwiZck0RWJlRg7uFi8vxU1AOBDNWhKm", "last_login": "2025-04-29T10:02:20.573Z", "is_superuser": false, "username": "neamul.csebu", "first_name": "Neamul", "last_name": "Haq", "email": "neamul.csebu@gmail.com", "is_staff": false, "is_active": true, "date_joined": "2025-04-29T09:52:46.250Z", "groups": [], "user_permissions": []}}, {"model": "auth.user", "pk": 21, "fields": {"password": "pbkdf2_sha256$870000$0RfbKDm2mB7aCkCndcLWjA$qm1UPs2kfe4xDqdJhnZVdR8GpL9usOElV3ez2QlXuW0=", "last_login": "2025-04-29T10:51:16.432Z", "is_superuser": false, "username": "loyeral912@hedotu.com", "first_name": "mr.z", "last_name": "fdsf", "email": "loyeral912@hedotu.com", "is_staff": false, "is_active": true, "date_joined": "2025-04-29T10:48:20.554Z", "groups": [], "user_permissions": []}}, {"model": "auth.user", "pk": 22, "fields": {"password": "pbkdf2_sha256$870000$QIwFfwJLRhrfELsYlr1a2D$PxR8EMI/smpUK3P33D6th8Ex+igTqJizYXL9OV5Q46c=", "last_login": "2025-04-30T11:09:28.471Z", "is_superuser": false, "username": "mr.a", "first_name": "Mr.a", "last_name": "haq", "email": "mivix65121@harinv.com", "is_staff": false, "is_active": true, "date_joined": "2025-04-30T11:08:24.762Z", "groups": [], "user_permissions": []}}, {"model": "auth.user", "pk": 23, "fields": {"password": "!GNKPWf4sqEwkqcg0qvZHYfyvlzKDiCTVrAOwhIVN", "last_login": "2025-05-08T08:49:00.630Z", "is_superuser": false, "username": "yilix47236", "first_name": "yilix47236@harinv.com", "last_name": "elvi", "email": "yilix47236@harinv.com", "is_staff": false, "is_active": true, "date_joined": "2025-05-05T11:11:20.810Z", "groups": [], "user_permissions": []}}, {"model": "auth.user", "pk": 24, "fields": {"password": "pbkdf2_sha256$870000$ZcD1DjseMVciEc09syoafk$fW/CHmp3bVdQvOkTRzpovB27aK9WGBiJujk86/fBwsw=", "last_login": "2025-05-05T12:13:46.321Z", "is_superuser": false, "username": "mr.b", "first_name": "Mr", "last_name": "B", "email": "terog39509@idoidraw.com", "is_staff": false, "is_active": true, "date_joined": "2025-05-05T12:12:58.702Z", "groups": [], "user_permissions": []}}, {"model": "auth.user", "pk": 25, "fields": {"password": "!jXlXXHrKJ1BEfa1FbUSuSifOj6moUHrY8kjdnHCL", "last_login": "2025-05-05T13:27:11.500Z", "is_superuser": false, "username": "migogit778", "first_name": "migogit778@harinv.com", "last_name": "", "email": "migogit778@harinv.com", "is_staff": false, "is_active": true, "date_joined": "2025-05-05T13:25:24.750Z", "groups": [], "user_permissions": []}}, {"model": "auth.user", "pk": 26, "fields": {"password": "!IhBl9xsHifdYRNKz64UL9HI8427Y5CQye9t1i7rG", "last_login": "2025-05-19T12:05:22.630Z", "is_superuser": false, "username": "fesej89212", "first_name": "fesej89212@exitings.com", "last_name": "", "email": "fesej89212@exitings.com", "is_staff": false, "is_active": true, "date_joined": "2025-05-07T11:04:38.994Z", "groups": [], "user_permissions": []}}, {"model": "auth.user", "pk": 27, "fields": {"password": "!f8fPyG7gcB6GWCF5HoICKawxHbBXUaGC4hVlzCkM", "last_login": "2025-05-16T13:27:19.340Z", "is_superuser": false, "username": "jebofag543", "first_name": "jebofag543@exitings.com", "last_name": "", "email": "jebofag543@exitings.com", "is_staff": false, "is_active": true, "date_joined": "2025-05-07T13:11:23.828Z", "groups": [], "user_permissions": []}}, {"model": "auth.user", "pk": 28, "fields": {"password": "!YAZ69iJf2CvvTsBJ5PXcLf6QH5nxJzbp9aKVYjuN", "last_login": "2025-05-19T07:38:11.455Z", "is_superuser": false, "username": "tatoni8409", "first_name": "tatoni8409@exitings.com", "last_name": "", "email": "tatoni8409@exitings.com", "is_staff": false, "is_active": true, "date_joined": "2025-05-07T13:16:43.309Z", "groups": [], "user_permissions": []}}, {"model": "contenttypes.contenttype", "pk": 1, "fields": {"app_label": "admin", "model": "logentry"}}, {"model": "contenttypes.contenttype", "pk": 2, "fields": {"app_label": "auth", "model": "permission"}}, {"model": "contenttypes.contenttype", "pk": 3, "fields": {"app_label": "auth", "model": "group"}}, {"model": "contenttypes.contenttype", "pk": 4, "fields": {"app_label": "auth", "model": "user"}}, {"model": "contenttypes.contenttype", "pk": 5, "fields": {"app_label": "contenttypes", "model": "contenttype"}}, {"model": "contenttypes.contenttype", "pk": 6, "fields": {"app_label": "sessions", "model": "session"}}, {"model": "contenttypes.contenttype", "pk": 7, "fields": {"app_label": "tasks", "model": "employee"}}, {"model": "contenttypes.contenttype", "pk": 8, "fields": {"app_label": "tasks", "model": "project"}}, {"model": "contenttypes.contenttype", "pk": 9, "fields": {"app_label": "tasks", "model": "task"}}, {"model": "contenttypes.contenttype", "pk": 10, "fields": {"app_label": "tasks", "model": "taskdetail"}}, {"model": "contenttypes.contenttype", "pk": 11, "fields": {"app_label": "core", "model": "permission"}}, {"model": "contenttypes.contenttype", "pk": 12, "fields": {"app_label": "core", "model": "role"}}, {"model": "contenttypes.contenttype", "pk": 13, "fields": {"app_label": "core", "model": "userrole"}}, {"model": "contenttypes.contenttype", "pk": 14, "fields": {"app_label": "social_django", "model": "association"}}, {"model": "contenttypes.contenttype", "pk": 15, "fields": {"app_label": "social_django", "model": "code"}}, {"model": "contenttypes.contenttype", "pk": 16, "fields": {"app_label": "social_django", "model": "nonce"}}, {"model": "contenttypes.contenttype", "pk": 17, "fields": {"app_label": "social_django", "model": "usersocialauth"}}, {"model": "contenttypes.contenttype", "pk": 18, "fields": {"app_label": "social_django", "model": "partial"}}, {"model": "contenttypes.contenttype", "pk": 19, "fields": {"app_label": "users", "model": "userprofile"}}, {"model": "sessions.session", "pk": "1lerwg8lukreqwtbde6upbtx7hfq54bt", "fields": {"session_data": ".eJxVjMsOwiAQRf-FtSGAHR4u3fcbyMAMUjU0Ke3K-O_apAvd3nPOfYmI21rj1nmJE4mL0OL0uyXMD247oDu22yzz3NZlSnJX5EG7HGfi5_Vw_w4q9vqtrcsBWYPJISs4D1TIDWSt0sVSJkYAwz4wB5MggfMmkKJQvDIeNFnx_gDuSjfu:1u5f31:mrQe8HrRfEDP3Fxdh79Qv6bMOu7ViDsAWWxyWBrkK78", "expire_date": "2025-05-02T06:17:59.322Z"}}, {"model": "sessions.session", "pk": "29ondk4a6ij4i39z80u5rsp53x43qdvf", "fields": {"session_data": ".eJxVjjEPgjAUhP9LZ0P6aJXWzTg4OJjoILo0j_ZViAQSWoOJ8b8LhEGWG-7y3d2H4SuW3ISIkdiWrZtr5-Ne9W2ewz3vTyQ8nG91fynfR3V4sxUzI2FegTpTuQFJxdIs0D6pGZPQ2gprY9uOktkNybSX7EY9jZou6RJDOaBWCeCIVsrUg9aCo0VXUAYFF9IpQu0BrJOkuF7rbAOQcUtSOOFJooehdF6fqmsM0dTto2r-7k1P2PcHYK1WPg:1uCww8:jbmF2MdteVYU40Nva-IzWN1PCB_m2ICxIQqT1k4QA5c", "expire_date": "2025-05-22T08:49:00.811Z"}}, {"model": "sessions.session", "pk": "2jabui1pdxo222xxtweui5c4xosbzrr0", "fields": {"session_data": ".eJxVjj0LgzAYhP9L5iIx0TemmyAFaaGrncLbJFZbUTBR-kH_e1Uc6nLDHc_dfQgOvqLKefSW7EmVi_fJvi73LC2Edlk-QnF4pkc2Ut-PdUt2RM2EGpztVW0mhMHWvKJ-2HZOXKdrbJTuehusrguWvSCd9Twr29IVumpCUYoyMryMBUqrOdCECWMinrBEMgAOEGo0YDjXVFBT6pCxUEoIkdLYRDiVrutLdYPOq6a71e3fveUJ-f4ACRFVIw:1uCeWv:H8c78J7pyxK-tga6xQfVRmE9mxySBGxyPe175PXicsQ", "expire_date": "2025-05-21T13:09:45.537Z"}}, {"model": "sessions.session", "pk": "2ygsga0xwcfoemn8kahq67vtel1azde7", "fields": {"session_data": ".eJxVjMsOwiAQRf-FtSGAHR4u3fcbyMAMUjU0Ke3K-O_apAvd3nPOfYmI21rj1nmJE4mL0OL0uyXMD247oDu22yzz3NZlSnJX5EG7HGfi5_Vw_w4q9vqtrcsBWYPJISs4D1TIDWSt0sVSJkYAwz4wB5MggfMmkKJQvDIeNFnx_gDuSjfu:1uBviM:ThrYDTTBtQgW0yDPVcUJLdQ5vsgsLW5A1KUj7xbQTpg", "expire_date": "2025-05-19T13:18:34.827Z"}}, {"model": "sessions.session", "pk": "3558fhqgtwoa76ysir6c36e7ve3nqv47", "fields": {"session_data": ".eJxVjMsOwiAQRf-FtSEM5SEu3fcbyDBDpWogKe3K-O_apAvd3nPOfYmI21ri1vMSZxYXAeL0uyWkR6474DvWW5PU6rrMSe6KPGiXY-P8vB7u30HBXr41IltLDjlppc8DOgPg0LAeMOigwBIqMAxWTRDIO0_ZW6WNMykg0yTeH9ZgN38:1u4YsZ:HsKVDj54nKzaCJxgpT1VuhRCQc3_zjEfR0IDdfK2Pco", "expire_date": "2025-04-29T05:30:39.375Z"}}, {"model": "sessions.session", "pk": "37yz87qnplu1f4p89odxcaxe4en634ku", "fields": {"session_data": ".eJxVjjFvwjAUhP-L5yrY8WsSsyGBGKno0DBZL_YLDoQEsFMhqv53nIgBlhvu9N3dH-voFticzdgHwyE4rn3AQNE57Mq1Q3S4Pf_ARQ0Z3L_gNwyn9nu1pHMZAT0SevB01Y2NSCrfzQrNkbox8b1psNWmv1LydH0y7SWLUTejpu-0Q-8iagopOKIBSGuhlORo0FaUi4pLsAWhqoUwFqjg6lPlmRA5NwTSypoAaxFLn-tTdYs-6LbfN93LvekJ-38AjNdZUg:1uBtpp:z2Y2lwoFNBsnGHuRCGuMjsZzjP_ObNyns53lRYC3g3o", "expire_date": "2025-05-19T11:18:09.778Z"}}, {"model": "sessions.session", "pk": "3zkybzflf328jyxq0e7xgnjacbi83jda", "fields": {"session_data": ".eJxVjsEKgzAQRP8l5yIx2gR7KxRvRQR7DpvNRm2tglEKLf33RvFQDzuHGd7MfhjMU8O1n2AidmLQQq6KV39xZZWU99lVT7re3lQfc0fSNuzA9ELo2dOoWxsQofamAXxQvyR-wBY6jcNI0eb6aN2LzosWi4o93YBvAuq4SaXFVAmUFuJMCQEpcYUOjJAcE0MhQGWyWHFj0WXOiUyGS2NljQ2l2_pa3YGfdDfUbf_33voJ-_4AsH1XKw:1uFsx9:2YjcjGIujf7yXJ63GpD6oeiwrNWLXPqYwn2AQ-27WeQ", "expire_date": "2025-05-30T11:10:11.916Z"}}, {"model": "sessions.session", "pk": "4capp7dkwa8qguc3yeaa79xkbf72054v", "fields": {"session_data": ".eJxdUEEKwjAQ_EvOUtJYG-pN8eCl6sF72N0kNjS20rRIEf9uWhTUww7sDLMz7INZ14VeNXA1bN0M3i-Yhz_CXMH5zwJDX3EVeuijzm7n07jt9kfQsjxvKVS0L9HqEVf1rjzcR7ZganKoIZhOOR0tQv6SCFSbZlJCSw68orYzyZsNyZyXbCY8Tih-3RWEKlotxyzXlElBuYa0kEJAZrgkCyhyTks0USCJRSo5arKFtaLI42Sp1Kjj0Xf6fHp-gW8vrvmqNzdhzxe7rmhX:1uFv5r:cCDneDszIT7DjYpM8SF_UbqvjHjcKrANBXRWXBuQ64c", "expire_date": "2025-05-30T13:27:19.346Z"}}, {"model": "sessions.session", "pk": "4yhewnd55kv4hbruiyerxo7k0kzdfd3x", "fields": {"session_data": ".eJxVjjFvwjAUhP-LZ5Taz8TgbmxUCEG7wWK9vDwngSgpsZEQFf8dJ2Ioyw13-u7uT3R8i-JTfIiZwGuspQsRIyfnuN80IKvtZa2W9xv_7raLn8N3e9mcT2rffw0JcCPhroEH15QJAfluFkhn7sYk9NRg66gfOHu5IZv2stWou1Hhna4x1AmVSrEtlbQaCdFqPScwMjfEuWdr5kRQWl14NmjBKvC6BCBjCq_zIlc-lb7Wp-oWQ3RtXzXdv3vTE_F4Au66WJU:1u9hnA:Bs_GTwYWR_P8mbO4lP_lzH2YesEFBk3Xezz3C_MMAjI", "expire_date": "2025-05-13T10:02:20.659Z"}}, {"model": "sessions.session", "pk": "5hqrhtgfbjix28dqkq1vevly96erwvu8", "fields": {"session_data": ".eJxVjMsOwiAQRf-FtSGAHR4u3fcbyMAMUjU0Ke3K-O_apAvd3nPOfYmI21rj1nmJE4mL0OL0uyXMD247oDu22yzz3NZlSnJX5EG7HGfi5_Vw_w4q9vqtrcsBWYPJISs4D1TIDWSt0sVSJkYAwz4wB5MggfMmkKJQvDIeNFnx_gDuSjfu:1uFtsM:-oktJcvGDYZrrx99zXYf1OcPlc0PRtVzCmpGButqWbA", "expire_date": "2025-05-30T12:09:18.775Z"}}, {"model": "sessions.session", "pk": "5rn6ge53feaw5znbeply89iuucto4vbc", "fields": {"session_data": ".eJxVjMsOwiAQRf-FtSGAHR4u3fcbyMAMUjU0Ke3K-O_apAvd3nPOfYmI21rj1nmJE4mL0OL0uyXMD247oDu22yzz3NZlSnJX5EG7HGfi5_Vw_w4q9vqtrcsBWYPJISs4D1TIDWSt0sVSJkYAwz4wB5MggfMmkKJQvDIeNFnx_gDuSjfu:1u4zml:peH6SOti85wjuFYQg7XzCUu1htYTteMERQnSNrrXLOk", "expire_date": "2025-04-30T10:14:27.142Z"}}, {"model": "sessions.session", "pk": "70bn8jqdv78zt5ykt65xlkqr8c5r2422", "fields": {"session_data": ".eJxVjDsOwjAQBe_iGln-xmtKes5grT-LA8iW4qRC3B0ipYD2zcx7sYDbWsM2yhLmzM5MWnb6HSOmR2k7yXdst85Tb-syR74r_KCDX3suz8vh_h1UHPVbOxSEaEgbTU4KMRktvIzRKcCICgwUyI4oZa8LKRBkk7Y0SVM8pIzs_QEIKzhr:1u5jqe:zDNrMJIh75RG4xrpAIvl_PMYi6PWZK6b0XaR0i5GQP4", "expire_date": "2025-05-02T11:25:32.470Z"}}, {"model": "sessions.session", "pk": "7yv92ck05es17paq5adej2f47qwhbe0j", "fields": {"session_data": "eyJuZXh0IjoiLyIsImF1dGgwX3N0YXRlIjoiN014SjZWWjB1WHpXZ2thejdGTlQ5MXB0VUJud25Xc0wifQ:1uBu0H:M0n5OIQefXyBJpSjjKq0Rgfqce1WPoyHNBhD3h3JOaA", "expire_date": "2025-05-19T11:28:57.562Z"}}, {"model": "sessions.session", "pk": "a9v769flq9to3zlv35mf33cgd3htuot8", "fields": {"session_data": ".eJxVjrEOgjAYhN-ls8GWVqBuLoZBIzE6Nz_tX0EIJLQYE-O72xIHXW64y3d3LzLg05MtWZMVgdk3VDkPHoOjj9lcIn26kqaPy_laZd1pbw_369RXgBUEQEVCzQ4n1ZqApPzfrEF3OMTEjbqFXulxwuTrumTZS3ZRT1HTf7oB18QfBWcUQAuRWiYlp6DB1JizmnJhCgRpGdNGYEHlRuYZYznVKLjhFgVYFkq_60t1D86rfry1w8-95Ql5fwAI-1jC:1uBuun:VurXxQ_5VoufzeYARA79ZzlwEuMSoa2WRMF3FKg9aEg", "expire_date": "2025-05-19T12:27:21.204Z"}}, {"model": "sessions.session", "pk": "b9t5qap4qzrxzy4sczpvxd611wdjkqbb", "fields": {"session_data": "eyJhdXRoMF9zdGF0ZSI6ImZCYXR5Nmt6S3NMelo0cFZBRjVtZ3l1UEJDVFZRaERZIn0:1uCavi:KrSY90vVGoH0iGhC1J3bU9ZQAVqETLfcNk2rsa0Cu-c", "expire_date": "2025-05-21T09:19:06.517Z"}}, {"model": "sessions.session", "pk": "c6z14kwf07m1ximlshr1z8yclyo7qny3", "fields": {"session_data": ".eJxdUMuqwjAU_JespeRRk8adK-9GxcdCV-GYpDbX2EqTgiL-u01RUDcDZ4Z5cO6odG2IqoazRZO6836EPPwQ9gzOvw_oYoVViBB7HcFxfbts_vMl9sXMXWHm42JOdvPtSrDt33qPRkglh-qCbZUzvYXyb_IA-mTrpIRGO_BKN63NXmzIhr5smnCZkH67KwhV2iFFmRtWjgVIqxnHBRXG5KyghaScM86JBsMNYxoLbEpNKCVScgIYj00OfeirfYgeXuCbo6s_5g1L0OMJiVVlpQ:1uGz1N:0dV3nqv528mgdcH83payJdmsyHFZ6io-MiNaOK2ojh8", "expire_date": "2025-06-02T11:51:05.435Z"}}, {"model": "sessions.session", "pk": "clp9o9ydhfb2wwcqh67sc5xubt8i95kq", "fields": {"session_data": "eyJuZXh0IjoiL3Rhc2tzL2Rhc2hib2FyZC8iLCJhdXRoMF9zdGF0ZSI6Im52cm52UTlSUFFDNzhaRHQ4djhERHNERWJSck5BQWU2In0:1u9gYH:c6K5KmngSEiptQIAS0wRmBnXsA5LnlgU4Eizsne2T7E", "expire_date": "2025-05-13T08:42:53.890Z"}}, {"model": "sessions.session", "pk": "dcyhi43aynj1id3h3wajwnjdcqvctnv9", "fields": {"session_data": ".eJxVjj8PgjAUxL9LZ0NKJTR1Y5DEOBiddGpeX1tBkUZa_BPjd7cQBhneDXf53b0PgT5UVPoAwZAVKaim99d7_biF07IssXeXzXMb-NG52h_EniyIHAjZe9PJWkeE8bmpAK-mHRLvsIZGoutMMrk-GfeSYtDdoGxOV-CriFqqslxjxhnmGlLBGYPMUI4WFMspLpWJAXIlUk6VRiusZSKPl6VcKx1Lp_WxugEfZOPOdfv33vgJ-f4A0LRXUQ:1uF8ht:2yOYLf-609lq_KekwU0mAc5rMDsL3aTiPRo4AZ6SImg", "expire_date": "2025-05-28T09:47:21.498Z"}}, {"model": "sessions.session", "pk": "dzkim7suezm7abnoqdnvo9a1fmirllm6", "fields": {"session_data": ".eJxVjstqwzAURP9F6-DoYatVdwl5E0gXLe1OXF9fxSaODZEMKqH_Xtlk0WxmMcOZmTvrKAb2xuZsxmAINbc-QKDkrPr3n9e4y_dxe3zhh6_d8vu8uVLzGfVaxeEjAXYk7ODpZpsqIZI_myXghbox8T020Frsb5Q9XJ9Ne9li1NOo8pmuwdcJ5UKQqQQ3ChDAKJWj1LzQSIUjo3NEWRlVOtJgpBHSqUpK1Lp0qigL4VLpY32qbsEH2_bnpvt3b3rCfv8ArwVYSw:1u9hdy:dkNqy5aIJOaT0fxhFjZFD9Se3QEas3yDkErWsmwGIg8", "expire_date": "2025-05-13T09:52:50.242Z"}}, {"model": "sessions.session", "pk": "f70du1jla3azof43qqzar7v9d0aj7syo", "fields": {"session_data": ".eJxVjEEOwiAQRe_C2hCgTCku3XsGMjCDVA0kpV0Z765NutDtf-_9lwi4rSVsnZcwkzgLDeL0O0ZMD647oTvWW5Op1XWZo9wVedAur434eTncv4OCvXzrmK3LSGpC0joyGzskYxyaicC5YTQmEwBknz2RSs4yeKXjwCNodNaK9wcbfzgI:1u8FWH:7Huo3uaYTYrK2WVnzZiaPaN5tgPHBFNRVa_1g8-siFE", "expire_date": "2025-05-09T09:38:53.607Z"}}, {"model": "sessions.session", "pk": "inwk7dzd3yftzomnv5xy33lnqzgcmgp9", "fields": {"session_data": ".eJxVjs0KwjAQhN8lZylN-rPFm4hoUREUEb2ETbKxxWqlSU_iu9uWHuxlDjN8M_Nh2PoilM6jJzZnm9VzeT7ulnne-HZdV9Fuf20XtD1RDvi-XdiMyZ6QraNGlqZDRDY1FeoHvfrE1brESuq6oWB0XTDsBYteD72KKV2gKzo0MUrEmc6IwIRhirFNAaziKkuAgIfWamVshFYY4sDTBLTQcQqElFDEsSsd14fqCp2XVX0vX3_3hifs-wMyfVaA:1uF9iP:iPFDfD3ex_zyS1j0mfXxvzPTPbJgbgA04PWwF5VcUeA", "expire_date": "2025-05-28T10:51:57.334Z"}}, {"model": "sessions.session", "pk": "j2mf6umz4yrv373itx4yhq0dtt91i3au", "fields": {"session_data": ".eJxVjj0LwjAYhP9LZqlpTGriJgoOKgoKuoU3yaut9gNNCqL4302Lgy433PHc3YvU-AhkQoZkQKANOdU-QMDoLP0K5ovqspulVSXa_eFm0u2FrzfPzBxbWEVAd4RuPd514SLCxL9pwF6x7hLf2AJKbZs7Jl_XJ_1eMu100yn7p3PweURHSo1U5gSnlCtEk4JRQDMmTuOUGg5MOSWtQADJBUNG5dhKkJS7k8ukk7H0u95Xl-CDLptzUf_c65-Q9wfVPlgs:1uBvpk:_AA3BqNxAJvRWA93zn6LtpeWkyNB7ffx-125xoNd5rA", "expire_date": "2025-05-19T13:26:12.617Z"}}, {"model": "sessions.session", "pk": "j6p9tr0fii8hwm0vhbuow0mft8h5mc4z", "fields": {"session_data": ".eJxVjMsOwiAQRf-FtSGAHR4u3fcbyMAMUjU0Ke3K-O_apAvd3nPOfYmI21rj1nmJE4mL0OL0uyXMD247oDu22yzz3NZlSnJX5EG7HGfi5_Vw_w4q9vqtrcsBWYPJISs4D1TIDWSt0sVSJkYAwz4wB5MggfMmkKJQvDIeNFnx_gDuSjfu:1uF9Nl:knDrFh6yPxucqoqvE7z3-Q2qlkLp0xzmQ6WitAeilfQ", "expire_date": "2025-05-28T10:30:37.162Z"}}, {"model": "sessions.session", "pk": "jwwn3qffq24b7dko9r1mvho584j18fvb", "fields": {"session_data": ".eJxVjMsOwiAQRf-FtSGAHR4u3fcbyMAMUjU0Ke3K-O_apAvd3nPOfYmI21rj1nmJE4mL0OL0uyXMD247oDu22yzz3NZlSnJX5EG7HGfi5_Vw_w4q9vqtrcsBWYPJISs4D1TIDWSt0sVSJkYAwz4wB5MggfMmkKJQvDIeNFnx_gDuSjfu:1uCceg:5KhrZpFGxWiJqmSmaz8lEwU1KKPLu0IXGZa1D7mqKcQ", "expire_date": "2025-05-21T11:09:38.176Z"}}, {"model": "sessions.session", "pk": "k2bd88d819p56z25y2ajn8mr6vdoi0cz", "fields": {"session_data": ".eJxVjDsOwjAQBe_iGln-xmtKes5grT-LA8iW4qRC3B0ipYD2zcx7sYDbWsM2yhLmzM5MWnb6HSOmR2k7yXdst85Tb-syR74r_KCDX3suz8vh_h1UHPVbOxSEaEgbTU4KMRktvIzRKcCICgwUyI4oZa8LKRBkk7Y0SVM8pIzs_QEIKzhr:1u5js2:_KkyMoBeSs9RYCfmW00fSuGN2Qn8gqsVmZmNkIrqT48", "expire_date": "2025-05-02T11:26:58.985Z"}}, {"model": "sessions.session", "pk": "lolicbir0pc3ww915aldkqgwucuwb1ci", "fields": {"session_data": ".eJxdUNuKwjAU_Jc8S8mlnja-eUEREcUfCMdcbDSm2LQvyv77tsWF1ZeBM8NcOC_ifJNaFfFuySx2IUxIwC_C3tGHvwO7tqIqtdj2Osm3lyY9n8tHBB_r3X7dMXf1q8Vxj-gemxOZEDU4VJdso7zpLRw-yTPqm42DkmrtMShdNzZ7sykb-7L5gIcB-ae7wlT1VpSFy41w0wKl1QJoyQtjclHyUnIAAcA0GjBCaFpQ4zTjnEkJDCmdmhz70Hf7GD2-INQXH__NG5eQn19LL2aE:1uGwyl:adCVA9xc682kw4zZV4I0xMPIGgH1CPMzcF8xj4cFVaY", "expire_date": "2025-06-02T09:40:15.569Z"}}, {"model": "sessions.session", "pk": "lp35kfdbr8mmhtg3up96i8upvd18cz31", "fields": {"session_data": ".eJxdUMtqwzAQ_Bedg5G0smz1Fgqmh0LpJRBfxEaSaxHZBksmCSH_Xtu4kPQysDPMg72Txo8x6R47R976KYQdCfiPcB368HfglFqqY8I06wTY9XKD4UDfb-cWPutyT8P03Yljqj7qahRkR_Ti0FN0o_Z2tnD5Sp7QnF2_KHEwHoM2w-iyjY3Z2pftF_xakL-6W4ztbEVVNMJCkxeonAFJS15YK6DkpeJSgpTMoJUWwNCC2sYwzplSkiGluRU4h27ta_T6gjD8-P5p3rqEPH4BcBplkA:1uGzFC:LDtTzrGn7WR7WVUA8LEksCcr_XF2fdGEM1prNwELNog", "expire_date": "2025-06-02T12:05:22.637Z"}}, {"model": "sessions.session", "pk": "nfxys4xlfel9pcu1dqrtys27qh2tbiq4", "fields": {"session_data": ".eJxVjj9vgzAUxL-L54rY2MU4W5ZKXUIlmna0Hs_PhYY_ETZSq6jfvQZlSJYb7vS7uysb6SeyPduxJwZLbLkNESIlZzi8f2BZz29V4U76_MrD7_fxol6m4_C5mFonwK6EXQLNtnMJyeWj2QCeaVyTMGEHvcVppuzmhmzbyw6rVqvmj3QLoU0ollJwAFQq98IYyQHBNaRFw6VyJYHxQqBTVHLzbHQhhOZISjrpSYEXqfS2vlX3EKLtp69uvLu3PWF__-DXWJA:1uBuz7:TW6fjAFBNTUrOF_1gg43gIeeJJH3V4i6znJvX4uK-K8", "expire_date": "2025-05-19T12:31:49.144Z"}}, {"model": "sessions.session", "pk": "o6mojmm4avvjma3xwbsp7j15yomcgw5l", "fields": {"session_data": ".eJxVjEEOwiAQRe_C2hDoQKEu3XsGMjCjVA0kpV0Z7y5NutDte-__twi4rTlsjZcwkzgLDeL0CyOmJ5fd0APLvcpUy7rMUe6JPGyT10r8uhzt30HGlvva3PxE2oJyOlrWgwEw1icGjBNo4xRRJxSV8o7HhH7E3g_GOzAuIYvPF9-ONz8:1u4StX:bxPk2xvb--y-C5xCKnjev8NoOofLPaxDw613hWXqpu0", "expire_date": "2025-04-28T23:07:15.315Z"}}, {"model": "sessions.session", "pk": "oibdr9uugxgakudugn1uns30skavyhrz", "fields": {"session_data": "eyJuZXh0IjoiL3Rhc2tzL2Rhc2hib2FyZC8iLCJhdXRoMF9zdGF0ZSI6IjEzUm45b2JNRnF6ZmdrUExLWmw5M24wWjJTSXdueUtNIn0:1u9gtz:kkNayYO1g8DLI3FrA2lMpeymklTTck9rF5IAZ-_iSd8", "expire_date": "2025-05-13T09:05:19.887Z"}}, {"model": "sessions.session", "pk": "p5v8ezbcp0in76pwaj994jg5287eqk7a", "fields": {"session_data": ".eJxVjj0PgjAYhP9LZ0NKWwp1k8HEr-jg3rz2LR_KR6BlMMb_LhAGWW64y3N3HwKDL6h2HrwlWxKl7-EC6tgl9anCJt3X90Hl9UHcinMnng-yIXoi9OBsr0scESbX5gPMyzZT4lpTQqVN29tgcV0w7wW7Sa-TsjVdgCtGFFScCeRZFIOyhkuasBhR8IQliknJpQwNoETODY0pZiZkLFRKhkBphALG0mV9rq7AeV21edn83ZufkO8P4wtU9g:1uCcZr:5NIwnRgUBSQb7HlHY3FmqBnXQAfkxeUhw4DNyLfCH9A", "expire_date": "2025-05-21T11:04:39.875Z"}}, {"model": "sessions.session", "pk": "rwmiuu427qoz70979hfn1i3l26aps88q", "fields": {"session_data": ".eJxVjs0OgjAQhN-lZ0NKJa14M1GPwsVETs3uthUiP4aWk_HdLYSDHHYOM_lm9sNgCjXXPkCw7MjS8g42UNFUh3CZ1FUSdLeqO1dv9AiPku2Yngk9eTvqxkREqK2JQC_bz4kfqIFW0zDaZHV9suwlp1mLWcWWrsHXEXUcM2koU4KkgTRXQkBmuSIHKCSnPdoYkMI8VRwNudw5kct4WaoMmli6ri_VLfig2-HZ9H_vLZ-w7w-Va1cQ:1uFVeU:lKrEUVkB9NpJyzWnStVV4Qna8ftIHWqlrFyBWs3KBAQ", "expire_date": "2025-05-29T10:17:22.831Z"}}, {"model": "sessions.session", "pk": "tatzo7go6ec17eykrtl8dwca2xjnly3v", "fields": {"session_data": ".eJxVjMsOwiAQRf-FtSGAHR4u3fcbyMAMUjU0Ke3K-O_apAvd3nPOfYmI21rj1nmJE4mL0OL0uyXMD247oDu22yzz3NZlSnJX5EG7HGfi5_Vw_w4q9vqtrcsBWYPJISs4D1TIDWSt0sVSJkYAwz4wB5MggfMmkKJQvDIeNFnx_gDuSjfu:1uA5Kd:eoABTin619EAMd7v0OD-PIq63oKzXAN7Xq90mP_OcVs", "expire_date": "2025-05-14T11:10:27.603Z"}}, {"model": "sessions.session", "pk": "tf9n9uuzj2385hnhbspums06i65xnf5x", "fields": {"session_data": ".eJxVjs1uwjAQhN_F5yp4Y7eJewMkJHpoOaCKm7WxN8QQkpY1Ej_qu-NEHMplDjP6ZuYmOjpH8S4m4kXgKTbScsRIyfnkeRkMf39sFtfZPHQ8ozNclj_V4Xe9W-1WCbADYU9MRxt8QnL1bFbo9tQNCfcuYGtdf6Ts4XI27mXTQb8GzZ_pBrlJqCsVSESndV6DMUqiQ19RAZVU2peEpgZwXlMpzasp3gAK6Ugrr2rSWEMqfayP1S1ytG2_Dd2_e-MT8XcHgIdZSg:1uBvmL:LPNUmUXGdHXsvioagySo0bBmKbZMZQHiBitrnHj4Wbk", "expire_date": "2025-05-19T13:22:41.066Z"}}, {"model": "sessions.session", "pk": "uzicb6uubduwu1mbrf4ch0ujhipk0uw1", "fields": {"session_data": ".eJxVjEEOwiAQRe_C2hCmAxRcuu8ZCANTqRqalHZlvLtt0oVu_3vvv0WI21rC1ngJUxZXAUZcfkeK6cn1IPkR632Waa7rMpE8FHnSJoc58-t2un8HJbay10jeea2Ae46RHAJpZHBs0CQgHFVnrNKasldW0aizz5otWN93u4NGfL71vjdD:1u5OmG:wgTEjqoGVpSYvIRQ98uO1CJjhcsqeF7IX3zyquHgZLg", "expire_date": "2025-05-01T12:55:36.341Z"}}, {"model": "sessions.session", "pk": "v9tno9daabk235qhgxscme637ekb2fm5", "fields": {"session_data": ".eJxVjrEOgjAYhN-ls8GWVqFuGk100ujm0vy0fylKQGlNTIzvbiEMstxwl-_uPqTBdyArMiczAq_gqPIBAkZnV2_2t3NxuDxsuXWBXj10wryrpzzlx0vrIqB6Qr08dqoyEUn51CxA37HpE9_qCmql2w6T0fXJsJesez32mk5pB95FVOecUQAtRGqZlJyCBlNgxgrKhckRpGVMG4E5lQuZLRnLqEbBDbcowLJYOq4P1TX4oOq2rJq_e8MT8v0Ba8JZLg:1uButO:2NBtzZq7d6SWtA7Fg103W8wi3jnd47OceVjoFX-l1PE", "expire_date": "2025-05-19T12:25:54.172Z"}}, {"model": "sessions.session", "pk": "vr8q4smt1htavytmy9a6rbnz39g4jfc9", "fields": {"session_data": ".eJxVjMsOwiAQRf-FtSGAHR4u3fcbyMAMUjU0Ke3K-O_apAvd3nPOfYmI21rj1nmJE4mL0OL0uyXMD247oDu22yzz3NZlSnJX5EG7HGfi5_Vw_w4q9vqtrcsBWYPJISs4D1TIDWSt0sVSJkYAwz4wB5MggfMmkKJQvDIeNFnx_gDuSjfu:1uCINN:JoS8D3MThTQntk2ffLEjoyVyKSMet2g2sqCYnTbVTrs", "expire_date": "2025-05-20T13:30:25.594Z"}}, {"model": "sessions.session", "pk": "vwpsfzw4zsgkx8fcuhuos4qij3cxj4cy", "fields": {"session_data": ".eJxVjMsOwiAQRf-FtSGAHR4u3fcbyMAMUjU0Ke3K-O_apAvd3nPOfYmI21rj1nmJE4mL0OL0uyXMD247oDu22yzz3NZlSnJX5EG7HGfi5_Vw_w4q9vqtrcsBWYPJISs4D1TIDWSt0sVSJkYAwz4wB5MggfMmkKJQvDIeNFnx_gDuSjfu:1uGu9N:BIe-ew4IT-NgX1rEOeazaR6OLLqzggLalE5RQmUBADU", "expire_date": "2025-06-02T06:39:01.902Z"}}, {"model": "sessions.session", "pk": "w3cnc4fmab8npi5xk8700aqllj75d0mk", "fields": {"session_data": "eyJuZXh0IjoiLyIsImF1dGgwX3N0YXRlIjoiNUNzQjFsakZvR2w2bllDOTZ2dTBHQjJiYk5ua1NITDgifQ:1u9hno:r0Cd9E7OD3r9K7GZoZIJ9OMOnW8YRCibohjL5Ff9f3E", "expire_date": "2025-05-13T10:03:00.728Z"}}, {"model": "sessions.session", "pk": "wquz5dmm166rt2ide1ton7zveaqmpi6j", "fields": {"session_data": ".eJxVjMsOwiAQRf-FtSEM5SEu3fcbyDBDpWogKe3K-O_apAvd3nPOfYmI21ri1vMSZxYXAeL0uyWkR6474DvWW5PU6rrMSe6KPGiXY-P8vB7u30HBXr41IltLDjlppc8DOgPg0LAeMOigwBIqMAxWTRDIO0_ZW6WNMykg0yTeH9ZgN38:1u4Qux:Kv4uBHSiYFodB_xeKc4GRC2_NSRzpgkC9PrI3h4265Y", "expire_date": "2025-04-28T21:00:35.631Z"}}, {"model": "sessions.session", "pk": "wx3lkfoz1mdwfpeo8sb0lv4nezpmm32w", "fields": {"session_data": ".eJxVjjFvwjAUhP-LZxReHDvY3dpOkZAoQTB0sV7sRx0lSiTsSIWq_x0nYoDlhjt9d_fHBvqN7I2t2YrhFD2YEDFScj59_YX7PML2av224OJU3YZDD3V17D6O8jsBZibMFOhiWpcQLl_NBm1Hw5yE0bbYGzteKHu4IVv2svdZd7PyV9pj8AkttC506aQAEJqoybHRCCWX500OjUCunVZWEqISkhMHtbEKFQh3dqVyKpU-1pfqHkM0_fjTDk_3lifs_w5Lg1eP:1uBvqh:HcS7CD_ryTn6-bKrMumCCknPA5K6FyAhhH90rKfUdz0", "expire_date": "2025-05-19T13:27:11.585Z"}}, {"model": "sessions.session", "pk": "x3wuplv7p6nlk5y4xj22rudjzdtxcn51", "fields": {"session_data": ".eJxVjsEOgjAQRP-lZ0PKilS8mRg9QORIPDXbbSuNDQSKMcb47xbiQQ87h5m8mX0xvE8tl2HCybAdu1Q41M9juSkH7n3_gEsDh5PbPs6pCq5q2IrJmZD3YEbpdERA_JsK6Wa6OQk9OfSS-tEkXzcky16yn7WeFf7pFkMbUctVlmvKBFCuMS0EAGaGC7KoIOe0ViYGJFSRCq402cJaKPJ4WSq00rH0u75UewyT9P3VdT_vLZ-w9wc8xlan:1uCeYW:GHJ_udclSdYtx_vahiK7NyV6hiL73qT9hrnNPukKzO8", "expire_date": "2025-05-21T13:11:24.638Z"}}, {"model": "sessions.session", "pk": "yfo0k0ij9h08aenly8l8cjxub07p4895", "fields": {"session_data": ".eJxVjMsOwiAQRf-FtSGAHR4u3fcbyMAMUjU0Ke3K-O_apAvd3nPOfYmI21rj1nmJE4mL0OL0uyXMD247oDu22yzz3NZlSnJX5EG7HGfi5_Vw_w4q9vqtrcsBWYPJISs4D1TIDWSt0sVSJkYAwz4wB5MggfMmkKJQvDIeNFnx_gDuSjfu:1u6kAs:J-BuYRAyZsuPmPY-1W-p0Ki_cs9oydXrztKiHbkkuF0", "expire_date": "2025-05-05T05:58:34.437Z"}}, {"model": "sessions.session", "pk": "ykcppx3ek2mhz76dqwcgvcodc2z9ktyq", "fields": {"session_data": ".eJxVjMEOwiAQRP-FsyFsQaAevfsNZIFdqRqalPZk_Hdp0oOeJnnzZt4i4LaWsDVawpTFRYA4_bKI6Ul1L_ID632Waa7rMkW5K_Jom7zNmV7Xw_07KNhKX9MIrJ3KhpKnlA2CttoOYzIMyjrPhq1By64jDe6cfE8FcWDSrL0Sny_fPjeA:1u4bmM:_FHgBxeKxweQWvS-OvRgRJoiM5mna1c8eAcFtMNeZsQ", "expire_date": "2025-04-29T08:36:26.274Z"}}, {"model": "sessions.session", "pk": "yz865xq83riqnaefoa7qmcwobec3fmcz", "fields": {"session_data": ".eJxVjMsOwiAQRf-FtSGAHR4u3fcbyMAMUjU0Ke3K-O_apAvd3nPOfYmI21rj1nmJE4mL0OL0uyXMD247oDu22yzz3NZlSnJX5EG7HGfi5_Vw_w4q9vqtrcsBWYPJISs4D1TIDWSt0sVSJkYAwz4wB5MggfMmkKJQvDIeNFnx_gDuSjfu:1u7Bou:wIungtzeamHgs4yDhO11P5ZB5qBbrC4EOWKA64i-CR4", "expire_date": "2025-05-06T11:29:44.193Z"}}, {"model": "sessions.session", "pk": "zrcxbfaxac50hjb0t65ki13crlpg12ge", "fields": {"session_data": ".eJxVjMsOwiAQRf-FtSGAHR4u3fcbyMAMUjU0Ke3K-O_apAvd3nPOfYmI21rj1nmJE4mL0OL0uyXMD247oDu22yzz3NZlSnJX5EG7HGfi5_Vw_w4q9vqtrcsBWYPJISs4D1TIDWSt0sVSJkYAwz4wB5MggfMmkKJQvDIeNFnx_gDuSjfu:1u9ggx:bqAQS8XI1JNM5g4SVXtwh6zWEG_ALISGMK6d3mPzrTI", "expire_date": "2025-05-13T08:51:51.414Z"}}, {"model": "tasks.task", "pk": 5, "fields": {"project": 2, "title": "Task unit south begin nearly.", "description": "Size age exist. Term build open possible will or huge indeed. Continue treatment technology prove. Too population line growth key she power establish.", "due_date": "2025-05-08", "status": "COMPLETED", "created_at": "2025-04-14T18:26:18.892Z", "updated_at": "2025-05-19T06:59:47.712Z", "assigned_to": [10]}}, {"model": "tasks.task", "pk": 6, "fields": {"project": 1, "title": "Both senior inside doctor determine method politics.", "description": "Almost system anything far. Best reason Mr person. Agree appear task water enjoy especially. On north figure send so option safe.\r\nFamily loss money difficult responsibility eat. Improve road fine.", "due_date": "2025-05-14", "status": "IN_PROGRESS", "created_at": "2025-04-14T18:26:22.572Z", "updated_at": "2025-04-14T22:52:48.024Z", "assigned_to": [2, 3, 5, 13]}}, {"model": "tasks.task", "pk": 8, "fields": {"project": 3, "title": "Race line heart cover.", "description": "History commercial you see financial accept describe organization. White case your identify.\r\nQuestion maybe film time once build employee. Heart identify shoulder individual.", "due_date": "2025-04-15", "status": "IN_PROGRESS", "created_at": "2025-04-14T18:26:31.130Z", "updated_at": "2025-05-05T10:54:37.070Z", "assigned_to": [13]}}, {"model": "tasks.task", "pk": 9, "fields": {"project": 5, "title": "Check wear write subject send.", "description": "Common stop quality send blood the. Building feel series should. With happen during recognize artist reduce top list.", "due_date": "2025-05-19", "status": "COMPLETED", "created_at": "2025-04-14T18:26:35.110Z", "updated_at": "2025-05-05T13:42:27.755Z", "assigned_to": [5, 25]}}, {"model": "tasks.task", "pk": 10, "fields": {"project": 1, "title": "Environment personal along kind.", "description": "Discuss involve across arrive single the the. Language social series miss.\r\nCause anyone short particularly final where cost. Group allow section course term happen anything.", "due_date": "2025-11-15", "status": "IN_PROGRESS", "created_at": "2025-04-14T18:26:39.211Z", "updated_at": "2025-04-15T05:47:43.918Z", "assigned_to": [3, 10]}}, {"model": "tasks.task", "pk": 11, "fields": {"project": 1, "title": "Region phone expect.", "description": "Picture large because only something make suffer view. Old machine she structure require.", "due_date": "2025-06-13", "status": "PENDING", "created_at": "2025-04-14T18:26:43.179Z", "updated_at": "2025-04-14T18:26:43.179Z", "assigned_to": [5, 10]}}, {"model": "tasks.task", "pk": 12, "fields": {"project": 2, "title": "Worker leg assume listen someone exist.", "description": "There quite number follow less once student. Prevent however city even when market tonight.", "due_date": "2025-04-24", "status": "COMPLETED", "created_at": "2025-04-14T18:26:47.079Z", "updated_at": "2025-04-14T18:26:47.079Z", "assigned_to": [2, 4, 5]}}, {"model": "tasks.task", "pk": 13, "fields": {"project": 1, "title": "Consumer on rule resource not should ago civil.", "description": "Compare attack finish short join imagine. Think together stay six only message. There away treatment old little notice.\r\nResource east show two. Budget bed father stage would minute song.", "due_date": "2025-04-26", "status": "COMPLETED", "created_at": "2025-04-14T18:26:52.006Z", "updated_at": "2025-04-14T22:52:36.375Z", "assigned_to": [9, 13]}}, {"model": "tasks.task", "pk": 14, "fields": {"project": 4, "title": "Season nation difficult new five.", "description": "My hundred popular central reach. Do consider stand those five science second interest.", "due_date": "2025-05-08", "status": "COMPLETED", "created_at": "2025-04-14T18:26:57.207Z", "updated_at": "2025-04-14T18:26:57.207Z", "assigned_to": [3, 6, 7]}}, {"model": "tasks.task", "pk": 15, "fields": {"project": 4, "title": "Rock professor speech effect ahead beyond.", "description": "Tax artist police these big forget east. Theory together mission trip majority sea. Discussion agent pay history whom bad.", "due_date": "2025-06-13", "status": "PENDING", "created_at": "2025-04-14T18:27:01.507Z", "updated_at": "2025-04-14T18:27:01.507Z", "assigned_to": [8, 10, 11]}}, {"model": "tasks.task", "pk": 16, "fields": {"project": 2, "title": "Risk leader leg interesting prove authority.", "description": "Process start of. Identify state growth find chance cause. Ask include set defense Mr.\nEast last system serve order everything source. Rule message each wide. Increase Mr join dinner Mr.", "due_date": "2025-05-01", "status": "PENDING", "created_at": "2025-04-14T18:27:05.892Z", "updated_at": "2025-04-14T18:27:05.892Z", "assigned_to": [4, 9]}}, {"model": "tasks.task", "pk": 17, "fields": {"project": 3, "title": "Within various wrong director none recently level.", "description": "Chair natural allow soldier. Answer cause not figure.\nCoach oil she economy yes represent management week. Eat by southern beyond task order. Court agreement article exist.", "due_date": "2025-05-23", "status": "COMPLETED", "created_at": "2025-04-14T18:27:10.152Z", "updated_at": "2025-04-14T18:27:10.152Z", "assigned_to": [4]}}, {"model": "tasks.task", "pk": 18, "fields": {"project": 4, "title": "Suddenly course list field church life also.", "description": "Claim open space final actually. Class over suggest through arm.\r\nAdministration popular enter television hospital. Order result heavy adult job raise.", "due_date": "2025-05-29", "status": "PENDING", "created_at": "2025-04-14T18:27:13.998Z", "updated_at": "2025-04-14T22:52:23.681Z", "assigned_to": [2, 13]}}, {"model": "tasks.task", "pk": 19, "fields": {"project": 4, "title": "Consider buy information certainly thousand son them other.", "description": "Fish those drive. Expert hope group series.\nScientist appear deep you owner pretty surface. Usually front without arm station both arrive.", "due_date": "2025-05-03", "status": "COMPLETED", "created_at": "2025-04-14T18:27:17.764Z", "updated_at": "2025-04-14T18:27:17.764Z", "assigned_to": [5, 8]}}, {"model": "tasks.task", "pk": 20, "fields": {"project": 4, "title": "Second city director sit draw pay southern exist.", "description": "Positive notice then.\r\nThing quickly answer subject indeed. Full report under me house each memory. Hope kid low from create guess book sing.\r\nCatch Republican remain social. Air change such dinner.", "due_date": "2025-04-14", "status": "PENDING", "created_at": "2025-04-14T18:27:21.863Z", "updated_at": "2025-04-14T22:53:06.010Z", "assigned_to": [5, 10]}}, {"model": "tasks.task", "pk": 23, "fields": {"project": 1, "title": "check todays tasks of jacob", "description": "fasfsdf", "due_date": "2025-04-14", "status": "PENDING", "created_at": "2025-04-14T23:06:23.324Z", "updated_at": "2025-04-14T23:06:23.324Z", "assigned_to": [13]}}, {"model": "tasks.task", "pk": 24, "fields": {"project": 1, "title": "task testg", "description": "fgasfgs", "due_date": "2025-08-01", "status": "IN_PROGRESS", "created_at": "2025-04-15T05:48:50.482Z", "updated_at": "2025-04-15T05:48:50.482Z", "assigned_to": [12, 13, 14]}}, {"model": "tasks.task", "pk": 25, "fields": {"project": 1, "title": "mixin tsk", "description": "fg gfsdfg", "due_date": "2025-01-01", "status": "PENDING", "created_at": "2025-04-16T10:15:25.940Z", "updated_at": "2025-04-16T10:15:25.940Z", "assigned_to": [11, 12]}}, {"model": "tasks.task", "pk": 26, "fields": {"project": 1, "title": "admin task creation", "description": "gh sdgdftr", "due_date": "2025-01-01", "status": "PENDING", "created_at": "2025-04-16T10:40:09.909Z", "updated_at": "2025-04-16T10:40:09.909Z", "assigned_to": [12, 13, 14]}}, {"model": "tasks.task", "pk": 27, "fields": {"project": 1, "title": "admin task dice", "description": "hgfh dfgtasd", "due_date": "2025-04-18", "status": "PENDING", "created_at": "2025-04-18T08:36:49.375Z", "updated_at": "2025-04-18T08:36:49.375Z", "assigned_to": [13, 14, 15]}}, {"model": "tasks.task", "pk": 28, "fields": {"project": 1, "title": "Top 15 Software Development Trends in 2024", "description": "ghdfsgh", "due_date": "2025-01-01", "status": "PENDING", "created_at": "2025-04-21T06:41:07.806Z", "updated_at": "2025-04-21T06:41:07.806Z", "assigned_to": [15, 17]}}, {"model": "tasks.task", "pk": 29, "fields": {"project": 1, "title": "useerrole check task", "description": "fdsfs sdfsdf", "due_date": "2025-01-01", "status": "PENDING", "created_at": "2025-04-21T06:42:35.103Z", "updated_at": "2025-04-21T06:42:35.103Z", "assigned_to": [15, 17]}}, {"model": "tasks.task", "pk": 30, "fields": {"project": 1, "title": "useerrole check task", "description": "fdsfs sdfsdf", "due_date": "2025-01-01", "status": "PENDING", "created_at": "2025-04-21T06:46:07.640Z", "updated_at": "2025-04-21T06:46:07.640Z", "assigned_to": [15, 17]}}, {"model": "tasks.task", "pk": 31, "fields": {"project": 1, "title": "AUth0 Tasks", "description": "hi task", "due_date": "2025-06-01", "status": "PENDING", "created_at": "2025-04-29T10:38:30.089Z", "updated_at": "2025-04-29T10:38:30.089Z", "assigned_to": [17, 19, 20]}}, {"model": "tasks.task", "pk": 32, "fields": {"project": 1, "title": "User careation mail task", "description": "fsdf", "due_date": "2025-08-01", "status": "IN_PROGRESS", "created_at": "2025-04-29T10:52:42.280Z", "updated_at": "2025-04-29T10:52:42.280Z", "assigned_to": [20, 21]}}, {"model": "tasks.task", "pk": 33, "fields": {"project": 1, "title": "Final auth0 User task", "description": "hi     task", "due_date": "2025-10-01", "status": "IN_PROGRESS", "created_at": "2025-04-29T11:18:17.431Z", "updated_at": "2025-04-29T11:18:17.431Z", "assigned_to": [20, 21]}}, {"model": "tasks.task", "pk": 37, "fields": {"project": 4, "title": "Stop Controlling EVERY Form In React, Use FormData", "description": "hellow ...", "due_date": "2025-05-08", "status": "IN_PROGRESS", "created_at": "2025-05-07T13:18:45.738Z", "updated_at": "2025-05-19T06:51:11.034Z", "assigned_to": [4, 10, 28]}}, {"model": "tasks.task", "pk": 40, "fields": {"project": 1, "title": "Assigned To Design Fiexed2", "description": "dfsdf", "due_date": "2025-02-02", "status": "PENDING", "created_at": "2025-05-14T10:36:38.791Z", "updated_at": "2025-05-14T10:36:38.791Z", "assigned_to": [5, 15]}}, {"model": "tasks.task", "pk": 41, "fields": {"project": 1, "title": "Assigned To Design Fiexed3", "description": "fdsdaf", "due_date": "2025-05-23", "status": "PENDING", "created_at": "2025-05-14T10:43:11.350Z", "updated_at": "2025-05-14T10:43:11.350Z", "assigned_to": [22, 25]}}, {"model": "tasks.task", "pk": 42, "fields": {"project": 3, "title": "Urgent task lead by tatoni user-profile impement", "description": "User centric features", "due_date": "2025-05-19", "status": "PENDING", "created_at": "2025-05-19T06:58:52.498Z", "updated_at": "2025-05-19T06:58:52.498Z", "assigned_to": [6, 19, 28]}}, {"model": "tasks.taskdetail", "pk": 5, "fields": {"task": 5, "priority": "H", "notes": "Little much common dream expect under. Commercial way skill today note lay."}}, {"model": "tasks.taskdetail", "pk": 6, "fields": {"task": 6, "priority": "L", "notes": "Treat case eight near. Science rise two nor. Door ability something production. Work staff cell night exist by popular west."}}, {"model": "tasks.taskdetail", "pk": 8, "fields": {"task": 8, "priority": "M", "notes": "About in subject American remain figure."}}, {"model": "tasks.taskdetail", "pk": 9, "fields": {"task": 9, "priority": "M", "notes": "Early who great yourself change road cover. Machine young network available."}}, {"model": "tasks.taskdetail", "pk": 10, "fields": {"task": 10, "priority": "L", "notes": "Another drug other argue job agent way. His free dark. Fish wish be raise card near. College since necessary enjoy kind wide maintain."}}, {"model": "tasks.taskdetail", "pk": 11, "fields": {"task": 11, "priority": "H", "notes": "Discussion see individual maintain tonight particularly. Police safe teach shoulder power such college."}}, {"model": "tasks.taskdetail", "pk": 12, "fields": {"task": 12, "priority": "L", "notes": "Court be central goal animal sell among. Real day new account range data town."}}, {"model": "tasks.taskdetail", "pk": 13, "fields": {"task": 13, "priority": "H", "notes": "Claim draw measure again. Over already apply show. Doctor push since do executive. Point whether should along service yourself."}}, {"model": "tasks.taskdetail", "pk": 14, "fields": {"task": 14, "priority": "L", "notes": "Wall design place allow beyond town world. Most feeling system cup fine sometimes alone. Term rate old among loss nation age."}}, {"model": "tasks.taskdetail", "pk": 15, "fields": {"task": 15, "priority": "L", "notes": "Prepare situation than. Others hair line all side."}}, {"model": "tasks.taskdetail", "pk": 16, "fields": {"task": 16, "priority": "M", "notes": "Record rate couple central on specific new. Matter his soldier early bank."}}, {"model": "tasks.taskdetail", "pk": 17, "fields": {"task": 17, "priority": "H", "notes": "In call total eye. Fight likely affect low network from."}}, {"model": "tasks.taskdetail", "pk": 18, "fields": {"task": 18, "priority": "H", "notes": "Same professor loss produce. Significant movement recently beyond force interview."}}, {"model": "tasks.taskdetail", "pk": 19, "fields": {"task": 19, "priority": "L", "notes": "Job amount true key eight knowledge weight. Push exist operation people run."}}, {"model": "tasks.taskdetail", "pk": 20, "fields": {"task": 20, "priority": "L", "notes": "Agent difficult air prove third."}}, {"model": "tasks.taskdetail", "pk": 23, "fields": {"task": 23, "priority": "L", "notes": "check"}}, {"model": "tasks.taskdetail", "pk": 24, "fields": {"task": 24, "priority": "M", "notes": "gsfgfgh"}}, {"model": "tasks.taskdetail", "pk": 25, "fields": {"task": 25, "priority": "L", "notes": "fsdgf"}}, {"model": "tasks.taskdetail", "pk": 26, "fields": {"task": 26, "priority": "L", "notes": "rte"}}, {"model": "tasks.taskdetail", "pk": 27, "fields": {"task": 27, "priority": "M", "notes": "fsdfg"}}, {"model": "tasks.taskdetail", "pk": 28, "fields": {"task": 28, "priority": "L", "notes": "testing"}}, {"model": "tasks.taskdetail", "pk": 29, "fields": {"task": 29, "priority": "L", "notes": "fsdgsdfg"}}, {"model": "tasks.taskdetail", "pk": 30, "fields": {"task": 30, "priority": "L", "notes": "fsdgsdfg"}}, {"model": "tasks.taskdetail", "pk": 31, "fields": {"task": 31, "priority": "H", "notes": "Start it"}}, {"model": "tasks.taskdetail", "pk": 32, "fields": {"task": 32, "priority": "M", "notes": "gfg ghfg"}}, {"model": "tasks.taskdetail", "pk": 33, "fields": {"task": 33, "priority": "M", "notes": "hellow"}}, {"model": "tasks.taskdetail", "pk": 35, "fields": {"task": 40, "priority": "M", "notes": "hell"}}, {"model": "tasks.taskdetail", "pk": 36, "fields": {"task": 41, "priority": "M", "notes": "fdsf"}}, {"model": "tasks.project", "pk": 1, "fields": {"name": "Envisioneer Web-Enabled Eyeballs", "description": "What worry eight establish fall white together. See spring write far.", "start_date": "2025-02-14"}}, {"model": "tasks.project", "pk": 2, "fields": {"name": "Re-Contextualize Transparent Niches", "description": "Off Democrat establish hear citizen help. Parent firm control life. Recently investment lawyer democratic production.", "start_date": "2025-01-31"}}, {"model": "tasks.project", "pk": 3, "fields": {"name": "Seize Back-End Web Services", "description": "Product Mr song apply computer. Would poor story mouth five put pick best. Road possible fish available wife.", "start_date": "2025-02-06"}}, {"model": "tasks.project", "pk": 4, "fields": {"name": "Generate User-Centric E-Markets", "description": "Her create off mean strong here. Seem hot if his sit push our. After employee collection very ten evening place.", "start_date": "2025-01-10"}}, {"model": "tasks.project", "pk": 5, "fields": {"name": "Enhance Innovative Mindshare", "description": "Country sure enough show article true. Work fine save significant collection audience south. Capital letter employee white.", "start_date": "2025-01-25"}}, {"model": "users.userprofile", "pk": 1, "fields": {"bio": "", "profile_image": ""}}, {"model": "users.userprofile", "pk": 2, "fields": {"bio": "", "profile_image": ""}}, {"model": "users.userprofile", "pk": 3, "fields": {"bio": "", "profile_image": ""}}, {"model": "users.userprofile", "pk": 4, "fields": {"bio": "", "profile_image": ""}}, {"model": "users.userprofile", "pk": 5, "fields": {"bio": "", "profile_image": ""}}, {"model": "users.userprofile", "pk": 6, "fields": {"bio": "", "profile_image": ""}}, {"model": "users.userprofile", "pk": 7, "fields": {"bio": "", "profile_image": ""}}, {"model": "users.userprofile", "pk": 8, "fields": {"bio": "", "profile_image": ""}}, {"model": "users.userprofile", "pk": 9, "fields": {"bio": "", "profile_image": ""}}, {"model": "users.userprofile", "pk": 10, "fields": {"bio": "", "profile_image": ""}}, {"model": "users.userprofile", "pk": 11, "fields": {"bio": "", "profile_image": ""}}, {"model": "users.userprofile", "pk": 12, "fields": {"bio": "", "profile_image": ""}}, {"model": "users.userprofile", "pk": 13, "fields": {"bio": "", "profile_image": ""}}, {"model": "users.userprofile", "pk": 14, "fields": {"bio": "", "profile_image": ""}}, {"model": "users.userprofile", "pk": 15, "fields": {"bio": "", "profile_image": ""}}, {"model": "users.userprofile", "pk": 17, "fields": {"bio": "", "profile_image": ""}}, {"model": "users.userprofile", "pk": 19, "fields": {"bio": "", "profile_image": ""}}, {"model": "users.userprofile", "pk": 20, "fields": {"bio": "", "profile_image": ""}}, {"model": "users.userprofile", "pk": 21, "fields": {"bio": "", "profile_image": ""}}, {"model": "users.userprofile", "pk": 22, "fields": {"bio": "", "profile_image": ""}}, {"model": "users.userprofile", "pk": 23, "fields": {"bio": "Do you know what pationate call! Look at me. ok?", "profile_image": "profile_images/neamul.jpg"}}, {"model": "users.userprofile", "pk": 24, "fields": {"bio": "", "profile_image": ""}}, {"model": "users.userprofile", "pk": 25, "fields": {"bio": "", "profile_image": ""}}, {"model": "users.userprofile", "pk": 26, "fields": {"bio": "My duty is so simple", "profile_image": ""}}, {"model": "users.userprofile", "pk": 27, "fields": {"bio": "passionate , good at management.", "profile_image": ""}}, {"model": "users.userprofile", "pk": 28, "fields": {"bio": "Passionate and punctual", "profile_image": ""}}, {"model": "core.permission", "pk": 1, "fields": {"code": "can_add_project", "label": "Can add project"}}, {"model": "core.permission", "pk": 2, "fields": {"code": "can_change_project", "label": "Can change project"}}, {"model": "core.permission", "pk": 3, "fields": {"code": "can_delete_project", "label": "Can delete project"}}, {"model": "core.permission", "pk": 4, "fields": {"code": "can_view_project", "label": "Can view project"}}, {"model": "core.permission", "pk": 5, "fields": {"code": "can_add_task", "label": "Can add task"}}, {"model": "core.permission", "pk": 6, "fields": {"code": "can_change_task", "label": "Can change task"}}, {"model": "core.permission", "pk": 7, "fields": {"code": "can_delete_task", "label": "Can delete task"}}, {"model": "core.permission", "pk": 8, "fields": {"code": "can_view_task", "label": "Can view task"}}, {"model": "core.permission", "pk": 9, "fields": {"code": "can_add_taskdetail", "label": "Can add task detail"}}, {"model": "core.permission", "pk": 10, "fields": {"code": "can_change_taskdetail", "label": "Can change task detail"}}, {"model": "core.permission", "pk": 11, "fields": {"code": "can_delete_taskdetail", "label": "Can delete task detail"}}, {"model": "core.permission", "pk": 12, "fields": {"code": "can_view_taskdetail", "label": "Can view task detail"}}, {"model": "core.role", "pk": 1, "fields": {"name": "Admin", "permissions": [1, 2, 3, 4, 5, 6, 7, 8, 9, 10, 11, 12]}}, {"model": "core.role", "pk": 2, "fields": {"name": "Manager", "permissions": [1, 2, 3, 4, 5, 6, 7, 8, 9, 10, 11, 12]}}, {"model": "core.role", "pk": 3, "fields": {"name": "User", "permissions": [8]}}, {"model": "core.role", "pk": 4, "fields": {"name": "Team-lead", "permissions": [5, 6, 7, 8, 9, 10, 11, 12]}}, {"model": "core.userrole", "pk": 1, "fields": {"user": 1, "role": 1}}, {"model": "core.userrole", "pk": 2, "fields": {"user": 15, "role": 2}}, {"model": "core.userrole", "pk": 3, "fields": {"user": 17, "role": 3}}, {"model": "core.userrole", "pk": 4, "fields": {"user": 2, "role": 2}}, {"model": "core.userrole", "pk": 5, "fields": {"user": 4, "role": 2}}, {"model": "core.userrole", "pk": 6, "fields": {"user": 13, "role": 2}}, {"model": "core.userrole", "pk": 7, "fields": {"user": 3, "role": 2}}, {"model": "core.userrole", "pk": 8, "fields": {"user": 5, "role": 3}}, {"model": "core.userrole", "pk": 9, "fields": {"user": 6, "role": 2}}, {"model": "core.userrole", "pk": 10, "fields": {"user": 7, "role": 4}}, {"model": "core.userrole", "pk": 11, "fields": {"user": 8, "role": 3}}, {"model": "core.userrole", "pk": 12, "fields": {"user": 9, "role": 2}}, {"model": "core.userrole", "pk": 13, "fields": {"user": 10, "role": 3}}, {"model": "core.userrole", "pk": 14, "fields": {"user": 11, "role": 3}}, {"model": "core.userrole", "pk": 15, "fields": {"user": 12, "role": 3}}, {"model": "core.userrole", "pk": 16, "fields": {"user": 14, "role": 3}}, {"model": "core.userrole", "pk": 18, "fields": {"user": 19, "role": 3}}, {"model": "core.userrole", "pk": 19, "fields": {"user": 20, "role": 3}}, {"model": "core.userrole", "pk": 20, "fields": {"user": 21, "role": 3}}, {"model": "core.userrole", "pk": 21, "fields": {"user": 22, "role": 3}}, {"model": "core.userrole", "pk": 22, "fields": {"user": 23, "role": 1}}, {"model": "core.userrole", "pk": 23, "fields": {"user": 24, "role": 3}}, {"model": "core.userrole", "pk": 24, "fields": {"user": 25, "role": 3}}, {"model": "core.userrole", "pk": 25, "fields": {"user": 26, "role": 1}}, {"model": "core.userrole", "pk": 26, "fields": {"user": 27, "role": 2}}, {"model": "core.userrole", "pk": 27, "fields": {"user": 28, "role": 3}}, {"model": "social_django.usersocialauth", "pk": 2, "fields": {"user": 20, "provider": "auth0", "uid": "google-oauth2|100308623128635888403", "extra_data": {"auth_time": 1745920940, "picture": "https://lh3.googleusercontent.com/a/ACg8ocITtHQw-TLzg6Pmuxt5d9f8UO5VwWlAcDhYBmhYlYstWqcpmQ=s96-c", "access_token": "eyJhbGciOiJkaXIiLCJlbmMiOiJBMjU2R0NNIiwiaXNzIjoiaHR0cHM6Ly9kZXYtaDRremF2ZWJnMnZkd2ZocC51cy5hdXRoMC5jb20vIn0..XTp4tdaGcOHFv7pD.vlQrSx7T2oK1ZyAvk2h6O6yAEyHoAT2ia8mnjbHwW6Nvm1jfyk5Y1RkwFC-Lz2qJbGJIXw-5vXVEqpj5piTvUE4kSjZqFwEF_bJHwyU6R7J9h_sW2DtMwG9_pD9XiZM-kL6oxXhDMxJAPHxnzVzOcrJHEsq8BIpcwZ6sUPchwgNaKY_NpZYOjZnlAsvQsYOva7pS2usDFOxhBTAC3zggZyfN79p8wuf9tuLXJBSzzbtJPdlztaJFSe7k9CR3CNeaQVGYU-a3aK0hRKU6IzdG15VHF6XQHvONC1JOFchS48WBGaNhXIS4kWzp_XSvAoQVdC0cUoed3YUbZfy9vTGxn_czl86cdks.-kBwmm7y4sYsZD0Mu_BclA", "token_type": "Bearer"}, "created": "2025-04-29T09:52:49.630Z", "modified": "2025-04-29T10:02:20.240Z"}}, {"model": "social_django.usersocialauth", "pk": 3, "fields": {"user": 23, "provider": "auth0", "uid": "auth0|68189ccf023cc2cbcc5ca77c", "extra_data": {"auth_time": 1746694140, "picture": "https://s.gravatar.com/avatar/9d2669d66b8b21645ae47c614dbdace9?s=480&r=pg&d=https%3A%2F%2Fcdn.auth0.com%2Favatars%2Fyi.png", "access_token": "eyJhbGciOiJkaXIiLCJlbmMiOiJBMjU2R0NNIiwiaXNzIjoiaHR0cHM6Ly9kZXYtaDRremF2ZWJnMnZkd2ZocC51cy5hdXRoMC5jb20vIn0..qjowNfOdVi702d_y.BXFj9C5ccYihFXTeFMmb9vuAoyizU2tvBWZ7GhU9bVkpxt9d6GBU4moBIBw7CfozALZBbo1m-VI7N78URDoSX0abC89U90iF31S3LETC7FxiYtYoOOdnVRxbvzAfisaJC062bM1MegG49H4JtqStl_eKFmodL6a4-Wy2talISuviTGC8BLcf7y47XpSq-iK7gTHYV723pLl-_54PRLfdwnrb-zo9qncAnu8yKDUoqbJDsMIUSGFCPEKwzuyyPRjN_sEHdkO46pI0ssRwPg67NnzRjSfNHRbX6Pgm3zQFxQOgjcJhpbQDj176BMVh8x7sipH57Uia2il8O012LnrGyenS.gTej_kT_-4TVdHOB2iNCDA", "token_type": "Bearer"}, "created": "2025-05-05T11:11:25.013Z", "modified": "2025-05-08T08:49:00.359Z"}}, {"model": "social_django.usersocialauth", "pk": 5, "fields": {"user": 26, "provider": "auth0", "uid": "auth0|681b3dd2e89055fa29a0e6b1", "extra_data": {"auth_time": 1747656322, "picture": "https://s.gravatar.com/avatar/10a5f154dd07e3a6d3c56110d6a2c36a?s=480&r=pg&d=https%3A%2F%2Fcdn.auth0.com%2Favatars%2Ffe.png", "access_token": "eyJhbGciOiJkaXIiLCJlbmMiOiJBMjU2R0NNIiwiaXNzIjoiaHR0cHM6Ly9kZXYtaDRremF2ZWJnMnZkd2ZocC51cy5hdXRoMC5jb20vIn0..zZl8rcWjapKGTqN8.FCkaaWUcBwZxTgZmlVNf7o6PfjE4ZSEkfb87fiMIlzL7KTjfjHadZ3y-NUhYr6bAaYHE6z0LeI-uJdjCBlorizxDbbI1lB_AA8rZNErKy4Ut0yBOygFSQUyyiKtGpS-EeltR0XxqBo0Pn5OANe0J5abiMo6UF-BKof3fMb_eBhFx3ZC4cvbw31vysbyjrv_rjWsxKx5O7FV3R_hgMhrC-1iYh2uJHX6g2zU6pfcTLdBHPDWaF5z7sOR8E0Mds9dMiqCWA3zyJofKjOj4kLqRQPwgsHOaJ4R8m68cJFQA_0ytVl7BQiaeNAxunuI0EIIt22S1RbC_WTOLW--roPiJ8LPS.wU7xupJRyhin_cBQWld-Vw", "token_type": "Bearer"}, "created": "2025-05-07T11:04:39.178Z", "modified": "2025-05-19T12:05:22.611Z"}}, {"model": "social_django.usersocialauth", "pk": 6, "fields": {"user": 27, "provider": "auth0", "uid": "auth0|681b5bf0e89055fa29a0e918", "extra_data": {"auth_time": 1747402039, "picture": "https://s.gravatar.com/avatar/3bcab6ddf0f757ce3448620e56bcd988?s=480&r=pg&d=https%3A%2F%2Fcdn.auth0.com%2Favatars%2Fje.png", "access_token": "eyJhbGciOiJkaXIiLCJlbmMiOiJBMjU2R0NNIiwiaXNzIjoiaHR0cHM6Ly9kZXYtaDRremF2ZWJnMnZkd2ZocC51cy5hdXRoMC5jb20vIn0..8vFQ5Hks-jWvqba3.yvaoAnVeO_KJ2LXyCZe1utybGhRLjdIpD3LuTVTWXKaoOC0BlCLG1lbmyhzqUsImwCOWG88vlYA5Y45EytFgIPGGCNN9cXfiqOtTqMyUgmEb-v5bKrm_JIjjqNDdHI49dUi5a8ML-Kvvm1CE7srnwWf1H2BZ2YfvuVJJbH0LA2WoEghgMP80fS-3YHDq9Ciny9ePK-P0s7uVZeMNzW8-39SYyZLS1LwjwSLnVvJ7awpVgHXFRBM7q_b7jk_t1iE_AzU7pCZ65BtDsFdjplRwiATpsrfpgl1vdyURGhNRiODtIsw1oIc-qSft39YZ48RS90Cll9h16eUte2iUccJ3hDIU.nycBq8ASf8jpRmv5dMkdaA", "token_type": "Bearer"}, "created": "2025-05-07T13:11:24.050Z", "modified": "2025-05-16T13:27:19.318Z"}}, {"model": "social_django.usersocialauth", "pk": 7, "fields": {"user": 28, "provider": "auth0", "uid": "auth0|681b5d0309df4d2b7c1bc2e4", "extra_data": {"auth_time": 1747640291, "picture": "https://s.gravatar.com/avatar/12ea55716a6b8195a96db3c3ee92ad9f?s=480&r=pg&d=https%3A%2F%2Fcdn.auth0.com%2Favatars%2Fta.png", "access_token": "eyJhbGciOiJkaXIiLCJlbmMiOiJBMjU2R0NNIiwiaXNzIjoiaHR0cHM6Ly9kZXYtaDRremF2ZWJnMnZkd2ZocC51cy5hdXRoMC5jb20vIn0..5-53Sh2oZUUtKZf3.eOBd7Fh_efPgEKGMz6JNKmr6D5KuKeLsfjzAzmq_K8tf-yP03ITFJIfOnfqNdmdTAxdo1XDyuHdlqtasQb5EKn9l4Ezh6-IUtXl1ujuAiKrm7whwDJnoWct4U59BlyOdzfLBxUhIH9S0LMpveCzXksnX8mUH7C2ju-fWnypanrpfSgloUMF_jpQIkvUVPuBwtuyEnPmYd10BSgUKg1MKyovA9pCXHjR-cQTkQVkqXU2gK0DQkzL00LQXmx-ymNtnkS7eRMwaj38X60-c6-oe2u2-NXo4VTxApomJkVVaG9gbyOPJGnukTcF1X2hcsV9k-MHNQs9bCZAbNWhsX2s_MbU4.Y7RTyDGGqLdOGI7XKMQOOQ", "token_type": "Bearer"}, "created": "2025-05-07T13:16:43.859Z", "modified": "2025-05-19T07:38:11.409Z"}}]